Ord,Player Name,Season,League,Team ID,Primary Position,Nationality,DOB,Apps,Mins,RATING,SCORING,CREATING,PASSING,DEFENDING,Goals,Shots,Conversion,Positioning,Assists,Crossing,Dribbling,Carries,Involvement,Accuracy,Intent,Receiving,Aerial,On Ball,Off Ball,Fouls
1,Tyler Adams RB Leipzig 2019,2019,Bundesliga,RB Leipzig,Defensive Midfield,USA,1999,14,68,2.6,2.07,2.62,3.06,2.18,1.98,2.02,1.56,3.08,2.4,3.2,2.08,2.87,3.4,2.82,2.37,3.25,1.87,2.1,1.69,3.87
2,Daniel Baier Augsburg 2019,2019,Bundesliga,Augsburg,Defensive Midfield,GER,1984,23,84,2.01,2.06,2,1.82,2.25,1.86,1.81,3.01,1.99,2.1,2.05,2.12,1.63,1.76,1.63,1.95,1.95,2.19,0.81,3.19,2.29
3,Julian Baumgartlinger Leverkusen 2019,2019,Bundesliga,Leverkusen,Defensive Midfield,AUT,1988,27,66,2.63,3.09,2.32,2.88,2.27,3.33,3.09,2.97,2.39,2.82,2.05,2.21,2.07,2.89,3.73,2.46,2.89,1.89,3.09,1.82,2.43
4,Lars Bender Leverkusen 2019,2019,Bundesliga,Leverkusen,Defensive Midfield,GER,1989,18,76,3.18,3.07,3.21,3.43,2.85,2.72,2.33,4.48,3.73,2.96,3.74,2.63,3.62,3.68,2.92,3.34,3.17,2.8,3.46,2.44,2.93
5,Sven Bender Leverkusen 2019,2019,Bundesliga,Leverkusen,Defensive Midfield,GER,1989,33,83,3.1,2.4,2.04,3.73,3.25,2.42,2.11,3.16,1.88,1.47,1.68,1.92,3.4,4.55,4.09,1.9,3.8,3.68,2.51,3.44,3.59
6,Adam Bodzek Düsseldorf 2019,2019,Bundesliga,Düsseldorf,Defensive Midfield,GER,1985,28,72,1.73,1.93,1.58,1.5,2.08,2,2.09,1.68,1.76,1.71,1.89,1.5,1.11,1.2,2.34,1.67,1.57,2.23,2.25,2,1.89
7,Emre Can Dortmund 2019,2019,Bundesliga,Dortmund,Defensive Midfield,GER,1994,12,80,3.01,3.55,2.88,3.38,2.32,3.41,3.51,4.22,3.25,2.05,2.25,3.73,3.75,3.67,3.56,2.48,3.69,2.31,2.84,1.98,2.35
8,Diego Demme RB Leipzig 2019,2019,Bundesliga,RB Leipzig,Defensive Midfield,GER,1991,17,71,3.15,2.27,3.05,4.02,2.39,2.18,1.98,1.68,3.81,3.08,2.39,2.76,4.15,4.3,3.13,4.04,3.82,1.57,3.4,1.97,2.56
9,Klaus Gjasula Paderborn 07 2019,2019,Bundesliga,Paderborn 07,Defensive Midfield,ALB,1989,29,79,2.39,2.57,2.53,2.24,2.42,2.53,2.19,3.5,2.2,2.93,1.92,3.1,2.02,2.06,1.64,2.79,2.34,2.94,3,2.48,0.77
10,Florian Grillitsch Hoffenheim 2019,2019,Bundesliga,Hoffenheim,Defensive Midfield,AUT,1995,31,78,2.87,1.92,2.94,3.34,2.59,1.98,1.87,1.56,2.23,3.03,2.31,2.75,3.82,3.45,3.52,3.08,3.27,2.14,2.3,2.64,3.38
11,Christian Groß Werder Bremen 2019,2019,Bundesliga,Werder Bremen,Defensive Midfield,GER,1989,14,62,2.22,1.7,2.53,2.34,2.07,1.83,1.45,1.81,1.57,1.73,2.27,2.7,3.76,2.28,3.69,1.65,2.61,1.81,1.57,2.21,2.78
12,Marko Grujić Hertha BSC 2019,2019,Bundesliga,Hertha BSC,Defensive Midfield,SRB,1996,29,83,2.36,3.93,2.36,2.04,2.1,4.44,4.65,2.59,2.62,2.13,1.94,3.18,2.16,1.79,2.05,2.42,2.16,3.45,2.1,1.93,1.22
13,Josuha Guilavogui Wolfsburg 2019,2019,Bundesliga,Wolfsburg,Defensive Midfield,FRA,1990,25,82,2.22,2.06,2.12,2.1,2.53,2.02,2.69,1.44,1.94,2.14,1.87,2.7,1.71,1.94,2.16,2.37,2.15,2.97,2.04,3.18,1.24
14,Makoto Hasebe Eint Frankfurt 2019,2019,Bundesliga,Eint Frankfurt,Defensive Midfield,JPN,1984,23,86,2.69,1.36,2.44,3.12,2.87,1.21,1.14,2.06,1.4,2.1,1.72,1.93,4.44,3.21,3.48,2.97,2.87,2.15,2.15,3.23,3.88
15,Jonas Hector Köln 2019,2019,Bundesliga,Köln,Defensive Midfield,GER,1990,29,84,2.61,3.2,2.63,2.33,2.73,2.99,3.02,4.06,3.1,3.09,3.29,1.84,2.14,2.18,1.97,2.71,2.47,3.08,3.24,2.27,2.73
16,Nicolas Höfler Freiburg 2019,2019,Bundesliga,Freiburg,Defensive Midfield,GER,1990,32,87,2.43,2.49,2.39,2.36,2.51,2.79,2.55,1.9,2.12,2.05,1.91,3.12,2.56,2.23,2.52,2.5,2.45,2.63,1.72,3.22,1.93
17,Stefan Ilsanker Eint Frankfurt 2019,2019,Bundesliga,Eint Frankfurt,Defensive Midfield,AUT,1989,12,70,2.73,3.89,2.16,2.63,2.73,4.2,3.07,5.48,2.2,2.51,2.11,1.56,2.49,2.87,2.1,2.35,2.72,3.1,2.93,2.75,1.96
18,Rani Khedira Augsburg 2019,2019,Bundesliga,Augsburg,Defensive Midfield,GER,1994,32,83,1.6,1.72,1.75,1.13,2.1,1.77,1.46,1.81,1.89,1.98,2.06,1.65,1.16,1.06,0.65,1.24,1.48,2.56,1.55,2.1,2.57
19,Joshua Kimmich Bayern Munich 2019,2019,Bundesliga,Bayern Munich,Defensive Midfield,GER,1995,33,85,3.81,3.08,4.64,4.78,2.19,2.62,3,3.93,3.77,5.57,5.5,2.68,4.71,4.99,3.19,5.55,4.18,1.76,2.28,1.85,3.3
20,Christoph Kramer M'Gladbach 2019,2019,Bundesliga,M'Gladbach,Defensive Midfield,GER,1991,22,67,2.48,1.74,2.5,2.71,2.49,1.65,1.52,1.81,2.29,2.08,2.41,3.09,2.45,2.85,2.79,2.38,2.73,2.36,3.33,2.13,2.1
21,Omar Mascarell Schalke 04 2019,2019,Bundesliga,Schalke 04,Defensive Midfield,ESP,1993,23,88,2.58,1.72,2.13,2.71,3.12,1.65,1.73,1.81,1.85,1.95,2,2.11,2.54,2.83,3.16,2.32,2.62,2.99,2.85,3.32,3.22
22,Sebastian Rudy Hoffenheim 2019,2019,Bundesliga,Hoffenheim,Defensive Midfield,GER,1990,32,85,2.43,2.31,3.09,2.56,1.83,2.08,2.65,2.17,2.73,4.09,3.7,2.1,2.19,2.36,1.97,3.12,2.7,1.69,2.03,1.34,2.87
23,Nuri Şahin Werder Bremen 2019,2019,Bundesliga,Werder Bremen,Defensive Midfield,TUR,1988,16,78,2.61,1.8,3.5,2.63,2.33,1.7,1.88,1.68,2.18,4.72,4.05,2.56,2.29,2.69,1.82,3.06,2.42,2.21,2.93,2.58,0.8
24,Diadie Samassékou Hoffenheim 2019,2019,Bundesliga,Hoffenheim,Defensive Midfield,MLI,1996,21,62,2.13,1.73,2.26,1.9,2.54,1.49,1.77,1.93,2.21,2.16,2.12,2.9,1.76,1.76,2.26,1.83,2.14,2.07,2.81,2.54,2.56
25,Ellyes Skhiri Köln 2019,2019,Bundesliga,Köln,Defensive Midfield,TUN,1995,32,84,2.55,2.4,2.58,2.37,2.84,2.47,2.52,2.01,2.44,2.71,2.08,3.06,2.41,2.21,2.71,2.5,2.4,2.25,3.05,2.83,3.13
26,Julian Weigl Dortmund 2019,2019,Bundesliga,Dortmund,Defensive Midfield,GER,1995,13,78,2.69,2.51,2.3,3.51,1.88,2.18,2.41,3.48,2.59,1.88,1.64,2.18,3.83,3.89,3.98,2.47,3.59,2.12,1.77,1.46,2.9
27,Axel Witsel Dortmund 2019,2019,Bundesliga,Dortmund,Defensive Midfield,BEL,1989,28,80,2.91,3.46,2.82,3.6,1.72,3.47,3.24,3.95,3.14,2.72,2.29,2.82,3.62,3.86,4.38,2.65,3.73,1.93,1.59,1.36,2.65
28,Denis Zakaria M'Gladbach 2019,2019,Bundesliga,M'Gladbach,Defensive Midfield,SUI,1996,23,85,2.51,2.77,2.97,2.21,2.5,2.77,2.86,3,2.35,2.28,1.73,4.96,2.98,1.89,3.09,2.4,2.24,2.13,3.24,2.02,2.83
29,Tyler Adams RB Leipzig 2020,2020,Bundesliga,RB Leipzig,Defensive Midfield,USA,1999,27,69,2.83,2.63,2.76,3.22,2.43,2.67,2.22,2.75,3.01,2.33,2.67,2.83,3.37,3.46,2.92,2.93,3.16,2.09,2.48,2.35,2.86
30,Julian Baumgartlinger Leverkusen 2020,2020,Bundesliga,Leverkusen,Defensive Midfield,AUT,1988,17,63,2.9,3.93,2.26,2.83,2.97,4.49,3.62,4.09,2.28,2.47,2,2.54,1.91,2.78,3.19,2.94,2.61,2.68,4.06,2.19,3.44
31,Lars Bender Leverkusen 2020,2020,Bundesliga,Leverkusen,Defensive Midfield,GER,1989,14,67,2.79,2.22,2.8,3.34,2.27,2.56,1.94,1.44,2.55,2.74,3.23,2.34,2.92,3.51,2.6,3.45,3.17,2.31,1.77,2.33,2.91
32,Sven Bender Leverkusen 2020,2020,Bundesliga,Leverkusen,Defensive Midfield,GER,1989,18,65,2.78,1.64,2.02,3.6,2.66,1.61,1.53,1.93,1.58,1.89,2.27,0.93,3.25,4.17,3.86,2.31,3.66,3.32,1.52,2.84,3.45
33,Emre Can Dortmund 2020,2020,Bundesliga,Dortmund,Defensive Midfield,GER,1994,28,76,3.19,2.23,3.38,3.77,2.67,2.03,2.14,2.62,2.56,2.85,2.52,3.91,4.51,4.1,3.23,3.48,3.63,2.7,2.71,2.61,2.7
34,Thomas Delaney Dortmund 2020,2020,Bundesliga,Dortmund,Defensive Midfield,DEN,1991,20,64,2.54,2.43,2.05,2.72,2.68,2.19,2.21,3.3,2.55,1.93,2.75,1.45,2.09,2.9,2.67,2.26,2.87,2.68,3.86,2.64,0.84
35,Wataru Endo Stuttgart 2020,2020,Bundesliga,Stuttgart,Defensive Midfield,JPN,1993,33,90,2.8,2.9,2.62,2.84,2.84,2.89,3.35,2.86,2.22,2.83,1.95,2.77,2.98,2.72,2.65,3.18,2.82,2.7,3.33,2.6,2.74
36,Sebastian Griesbeck Union Berlin 2020,2020,Bundesliga,Union Berlin,Defensive Midfield,GER,1990,24,37,1.37,2.03,1.41,0.77,1.89,2.28,1.98,1.56,1.87,1.46,2.36,0.88,0.86,0.65,0.94,1.19,0.42,3.15,2.2,1.03,2.28
37,Florian Grillitsch Hoffenheim 2020,2020,Bundesliga,Hoffenheim,Defensive Midfield,AUT,1995,26,72,3.13,3.26,3.04,3.57,2.52,3.37,3.74,2.59,2.92,2.8,2.68,2.86,4.02,3.52,2.98,4.18,3.25,2.39,1.79,3.39,1.65
38,Christian Groß Werder Bremen 2020,2020,Bundesliga,Werder Bremen,Defensive Midfield,GER,1989,23,64,2.28,1.73,2.15,2.45,2.39,1.77,1.65,1.81,1.61,1.98,1.8,2.16,2.78,2.57,3.05,1.85,2.55,1.91,3.35,2.49,1.04
39,Carlos Gruezo Augsburg 2020,2020,Bundesliga,Augsburg,Defensive Midfield,ECU,1995,28,74,1.83,1.54,1.78,1.56,2.37,1.43,1.43,1.93,1.58,1.93,1.71,2.02,1.36,1.38,2.08,1.67,1.56,1.03,3.16,2.23,2.72
40,Makoto Hasebe Eint Frankfurt 2020,2020,Bundesliga,Eint Frankfurt,Defensive Midfield,JPN,1984,29,79,2.71,1.73,2.26,3.35,2.59,1.85,1.38,1.93,1.61,1.98,2.02,1.52,3.86,3.39,3.46,3.36,3.14,2.42,2.3,2.56,3.3
41,Jonas Hector Köln 2020,2020,Bundesliga,Köln,Defensive Midfield,GER,1990,19,68,2.51,4.86,2.5,1.88,2.33,5.59,5.95,2.42,3.63,3.45,2.7,1.77,1.81,1.71,1.33,2.24,2.19,3.87,1.8,1.74,3.19
42,Nicolas Höfler Freiburg 2020,2020,Bundesliga,Freiburg,Defensive Midfield,GER,1990,31,88,2.35,2.39,2.67,2.25,2.26,2.36,2.6,2.1,2.51,2.48,2.37,3.54,2.21,2.12,2.67,2.33,2.22,2.9,1.9,2.56,1.45
43,Stefan Ilsanker Eint Frankfurt 2020,2020,Bundesliga,Eint Frankfurt,Defensive Midfield,AUT,1989,27,58,2.42,2.61,2.02,2.34,2.71,2.79,2.78,2.44,1.94,1.7,1.99,2.33,2.11,2.39,2.2,2.33,2.34,2.82,2.17,3.21,2.23
44,Rani Khedira Augsburg 2020,2020,Bundesliga,Augsburg,Defensive Midfield,GER,1994,27,67,1.73,2.48,1.71,1.28,2.04,2.59,2.4,2.62,2.07,1.7,2.55,1.36,1.14,1.26,0.85,1.47,1.35,2.53,1.6,1.83,2.83
45,Joshua Kimmich Bayern Munich 2020,2020,Bundesliga,Bayern Munich,Defensive Midfield,GER,1995,27,81,3.93,3.76,4.66,4.76,2.32,3.52,4.27,3.44,4.14,6.22,4.5,2.75,5.04,4.74,2.92,6.26,3.93,1.44,2.22,2.32,3.35
46,Christoph Kramer M'Gladbach 2020,2020,Bundesliga,M'Gladbach,Defensive Midfield,GER,1991,28,73,2.57,1.78,2.55,2.82,2.6,1.65,1.58,1.81,2.54,2.38,2.09,3.08,2.67,2.89,3.08,2.6,2.78,2.13,2.76,2.71,2.51
47,Fabian Kunze Arminia 2020,2020,Bundesliga,Arminia,Defensive Midfield,GER,1998,26,49,2.08,1.96,2.15,1.83,2.43,2.04,1.92,1.56,2.29,1.96,2.01,2.84,1.73,1.73,1.58,2.04,1.98,3.18,2.32,2.8,0.92
48,Orel Mangala Stuttgart 2020,2020,Bundesliga,Stuttgart,Defensive Midfield,BEL,1998,24,88,2.37,2.63,3.49,2.25,1.64,2.34,3.06,2.07,3.63,2.9,2.43,5.73,2.85,2.04,2.74,2.24,2.53,1.06,0.88,1.92,2.77
49,Omar Mascarell Schalke 04 2020,2020,Bundesliga,Schalke 04,Defensive Midfield,ESP,1993,24,73,2.22,2.07,2.06,2.12,2.54,1.86,1.92,3.2,1.64,1.83,2.09,2.49,1.8,2.05,2.55,2.04,2.14,2.46,2.18,2.79,2.59
50,Manuel Prietl Arminia 2020,2020,Bundesliga,Arminia,Defensive Midfield,AUT,1991,28,90,1.96,2.01,2.05,1.53,2.47,1.87,2.03,2.57,1.77,2.04,1.94,2.52,1.62,1.43,1.87,1.47,1.67,2.18,3.04,2.03,2.96
51,Sebastian Rudy Hoffenheim 2020,2020,Bundesliga,Hoffenheim,Defensive Midfield,GER,1990,25,67,2.57,2.59,3.5,2.47,2.05,2.03,2.89,2.66,3.96,3.9,5.81,1.89,2.09,2.44,1.11,3.2,2.43,1.71,2.9,1.48,2.42
52,Diadie Samassékou Hoffenheim 2020,2020,Bundesliga,Hoffenheim,Defensive Midfield,MLI,1996,31,83,2.4,1.75,2.32,2.27,2.93,1.65,1.62,1.81,2.23,2.16,2.17,2.89,2.02,2.27,2.57,2.07,2.33,2.72,2.45,3.45,2.6
53,Baptiste Santamaria Freiburg 2020,2020,Bundesliga,Freiburg,Defensive Midfield,FRA,1995,30,74,2.43,2.74,2.75,1.99,2.68,2.61,3.28,1.79,3.47,2.44,3.73,2.74,2.03,1.92,1.44,2.32,2.06,2.88,2.47,2.75,2.69
54,Ellyes Skhiri Köln 2020,2020,Bundesliga,Köln,Defensive Midfield,TUN,1995,32,87,2.65,3.99,2.03,2.38,2.85,4.78,3.42,4.19,1.96,2.26,1.96,1.92,1.93,2.34,3.14,2.2,2.28,2.34,2.48,3.32,2.82
55,Benjamin Stambouli Schalke 04 2020,2020,Bundesliga,Schalke 04,Defensive Midfield,FRA,1990,24,82,2.36,1.54,2.27,2.12,3.12,1.45,1.3,2.06,1.63,1.99,2.19,2.78,2.13,2.18,1.29,2.34,2.19,2.65,2.73,3.55,3.15
56,Tobias Strobl Augsburg 2020,2020,Bundesliga,Augsburg,Defensive Midfield,GER,1990,29,64,2.01,1.86,2.02,1.94,2.18,1.95,1.58,1.81,2.09,2.28,2.3,1.73,1.65,1.76,2.3,2.22,1.83,2.61,1.43,2.07,3.31
57,Lucas Tousart Hertha BSC 2020,2020,Bundesliga,Hertha BSC,Defensive Midfield,FRA,1997,26,80,2.2,2.43,2.19,1.61,2.93,2.34,2.89,2.08,2.41,2.04,2.46,2.13,2.16,1.52,1.82,1.78,1.49,3.45,2.85,3.04,2.28
58,Axel Witsel Dortmund 2020,2020,Bundesliga,Dortmund,Defensive Midfield,BEL,1989,15,75,2.67,2.28,2.4,3.29,2.17,2.51,2.75,1.06,2.25,2.26,1.77,2.43,3.34,3.3,4.34,2.86,3.18,2.58,2.02,2.06,2.28
59,Denis Zakaria M'Gladbach 2020,2020,Bundesliga,M'Gladbach,Defensive Midfield,SUI,1996,25,57,2.32,2.8,2.75,2.24,1.91,3.07,2.6,2.6,2.43,2.36,2.03,4.05,2.56,1.9,3.49,2.25,2.4,1.96,1.71,1.87,2.3
60,Tyler Adams RB Leipzig 2021,2021,Bundesliga,RB Leipzig,Defensive Midfield,USA,1999,24,56,2.57,1.84,2.45,3.01,2.39,1.79,1.29,1.93,2.81,2.51,1.97,2.29,3.15,3.09,3.13,2.89,2.89,2.37,2.45,2.28,2.59
61,Santiago Ascacíbar Hertha BSC 2021,2021,Bundesliga,Hertha BSC,Defensive Midfield,ARG,1997,28,85,2.22,2.03,1.72,2.02,2.92,2.26,1.95,1.44,2.14,1.98,1.83,1.59,1.39,2.04,2.37,1.85,1.98,2.39,3.74,2.73,2.57
62,Emre Can Dortmund 2021,2021,Bundesliga,Dortmund,Defensive Midfield,GER,1994,24,70,3.05,2.63,2.55,3.64,2.77,2.88,1.64,3.72,2.06,1.84,2.06,2.93,3.66,4.02,3.04,3.26,3.49,2.82,2.58,3.08,2.26
63,Niklas Dorsch Augsburg 2021,2021,Bundesliga,Augsburg,Defensive Midfield,GER,1998,30,77,2.18,1.95,2.19,2.01,2.51,1.65,1.48,3.71,1.55,1.99,1.86,2.89,2.01,1.91,2.67,2,1.9,1.79,2.82,2.99,1.5
64,Wataru Endo Stuttgart 2021,2021,Bundesliga,Stuttgart,Defensive Midfield,JPN,1993,33,88,2.74,3.85,2.49,2.42,2.84,4.32,4.86,1.97,2.87,2.46,2.17,2.83,2.5,2.29,2.24,2.68,2.54,3.15,2.7,2.62,3.34
65,Sebastian Griesbeck Greuther Fürth 2021,2021,Bundesliga,Greuther Fürth,Defensive Midfield,GER,1990,29,84,1.88,2.24,1.52,1.39,2.66,2.33,1.75,3.13,1.63,1.34,1.64,1.71,1.41,1.24,2.17,1.18,1.62,3.03,2.44,2.63,2.72
66,Florian Grillitsch Hoffenheim 2021,2021,Bundesliga,Hoffenheim,Defensive Midfield,AUT,1995,18,83,2.76,1.86,2.51,3.29,2.6,1.88,1.94,1.68,1.92,2.61,2.55,1.53,3.55,3.16,3.68,3.56,3,2.6,2.28,2.75,2.74
67,Carlos Gruezo Augsburg 2021,2021,Bundesliga,Augsburg,Defensive Midfield,ECU,1995,17,57,1.67,1.92,1.78,1.3,2,2.02,1.95,1.44,2.13,1.83,2.46,1.49,1.25,1.02,2.28,1.38,1.32,2.32,3.01,2.03,-0.08
68,Josuha Guilavogui Wolfsburg 2021,2021,Bundesliga,Wolfsburg,Defensive Midfield,FRA,1990,15,63,2.44,1.96,1.74,2.19,3.49,1.92,2.32,1.56,1.96,1.83,1.64,1.78,1.7,2.4,2.36,1.65,2.23,3.37,3.17,4.46,1.71
69,Makoto Hasebe Eint Frankfurt 2021,2021,Bundesliga,Eint Frankfurt,Defensive Midfield,JPN,1984,18,66,2.85,1.35,2.09,3.35,3.38,1.21,1.14,2.06,1.33,1.73,1.76,1.7,3.49,3.73,3.31,2.81,3.07,3.36,2.75,3.88,3.17
70,Jonas Hector Köln 2021,2021,Bundesliga,Köln,Defensive Midfield,GER,1990,30,85,2.91,2.36,3.87,2.64,2.89,2.14,2.38,1.44,4.2,3.72,6.5,2.22,2.92,2.83,1.57,2.74,2.65,2.71,2.88,2.78,3.37
71,Nicolas Höfler Freiburg 2021,2021,Bundesliga,Freiburg,Defensive Midfield,GER,1990,30,87,2.41,2.72,2.37,2.1,2.74,2.67,3.21,2.45,2.44,2.57,2.38,2.69,1.69,1.86,2.64,2.35,2.09,3.13,2.96,2.62,2.31
72,Kristijan Jakić Eint Frankfurt 2021,2021,Bundesliga,Eint Frankfurt,Defensive Midfield,CRO,1997,26,72,2.26,2.87,2.23,1.8,2.66,3.03,3.71,1.55,2.56,1.86,2.5,2.52,2.05,1.73,1.1,2.15,1.97,2.91,3.05,2.56,2.01
73,Rani Khedira Union Berlin 2021,2021,Bundesliga,Union Berlin,Defensive Midfield,GER,1994,32,86,1.77,2.01,2.04,1.2,2.26,2.16,1.9,1.56,2.23,1.67,2.88,2.28,1.22,1.12,0.73,1.44,1.4,2.31,2.76,1.96,2.16
74,Joshua Kimmich Bayern Munich 2021,2021,Bundesliga,Bayern Munich,Defensive Midfield,GER,1995,28,88,3.98,3.18,4.26,4.99,2.72,3.1,3.12,3.16,3.59,6.49,3.71,2.55,3.91,5.18,3.06,6.12,4.12,1.77,2.51,2.9,3.52
75,Fabian Kunze Arminia 2021,2021,Bundesliga,Arminia,Defensive Midfield,GER,1998,22,57,1.93,1.73,2.23,1.5,2.42,1.59,1.77,1.81,2.05,1.84,2.76,2.76,1.48,1.42,1.11,1.81,1.53,3.58,2.17,2.99,0.25
76,Dejan Ljubicic Köln 2021,2021,Bundesliga,Köln,Defensive Midfield,AUT,1997,30,66,2.38,3.72,4.17,1.54,1.71,3.57,3.64,3.18,5.01,4.16,6.19,3.69,2.31,1.26,0.48,2.27,1.95,1.27,2.49,0.97,2.74
77,Anthony Losilla Bochum 2021,2021,Bundesliga,Bochum,Defensive Midfield,FRA,1986,33,89,2.23,2.49,1.94,1.65,3.14,2.35,2.75,2.59,2.39,2,2.2,2.14,1.31,1.65,1.54,1.67,1.7,3.78,2.58,3.43,2.67
78,Orel Mangala Stuttgart 2021,2021,Bundesliga,Stuttgart,Defensive Midfield,BEL,1998,28,66,2.22,3.07,3.4,1.88,1.49,2.9,3.36,2,4.52,3.66,2.16,5.14,2.38,1.65,2.59,1.75,2.26,1.73,1.09,1.15,2.8
79,Manuel Prietl Arminia 2021,2021,Bundesliga,Arminia,Defensive Midfield,AUT,1991,26,82,1.79,2.05,1.89,1.22,2.42,2.08,2.37,1.44,2.2,1.88,1.83,2.32,1.43,0.96,1.77,1.4,1.33,2.28,2.93,2.1,2.55
80,Diadie Samassékou Hoffenheim 2021,2021,Bundesliga,Hoffenheim,Defensive Midfield,MLI,1996,24,69,2.2,2.99,1.91,1.78,2.63,3,2.77,3.47,2.73,1.99,1.92,2.03,1.62,1.72,2.12,1.57,2,2.76,2.86,2.73,1.85
81,Ellyes Skhiri Köln 2021,2021,Bundesliga,Köln,Defensive Midfield,TUN,1995,22,83,2.74,4.23,2.08,2.24,3.22,4.77,4.39,3.47,3.09,2.07,2.29,2.06,1.88,2.16,2.72,2.14,2.3,2.86,3.28,3.29,3.32
82,Anton Stach Mainz 05 2021,2021,Bundesliga,Mainz 05,Defensive Midfield,GER,1998,29,64,2.77,2.92,3.41,2.14,3.14,2.48,4.29,1.83,3.53,4.05,3.8,3.01,2.53,2.13,0.8,2.72,2.25,3.11,2.51,3.93,2.23
83,Angelo Stiller Hoffenheim 2021,2021,Bundesliga,Hoffenheim,Defensive Midfield,GER,2001,26,65,2.51,2.94,2.3,2.6,2.33,2.73,2.5,3.6,3.53,2.55,2.38,2.26,1.9,2.43,2.4,2.99,2.67,2.57,2.36,1.99,2.91
84,Lucas Tousart Hertha BSC 2021,2021,Bundesliga,Hertha BSC,Defensive Midfield,FRA,1997,30,65,2.21,2.88,2.27,1.56,2.79,2.94,3.23,2.73,2.26,2.26,2.41,2.31,2.05,1.32,1.05,2.29,1.54,3.16,2.89,2.59,2.78
85,Axel Witsel Dortmund 2021,2021,Bundesliga,Dortmund,Defensive Midfield,BEL,1989,29,67,2.5,2.62,1.85,2.93,2.28,2.48,1.83,4.61,1.97,1.9,1.77,1.3,2.57,3.09,4.17,2.09,2.89,2.35,2.28,1.94,3.06
86,Denis Zakaria M'Gladbach 2021,2021,Bundesliga,M'Gladbach,Defensive Midfield,SUI,1996,16,87,2.7,2.95,2.82,2.74,2.44,2.82,2.85,3.66,2.65,2.2,2.18,3.86,3.21,2.6,3.68,2.6,2.72,1.77,2.04,2.9,2.61
87,Sergio Busquets Barcelona 2019,2019,La Liga,Barcelona,Defensive Midfield,ESP,1988,33,75,3.74,2.88,3.08,5.08,2.71,2.95,2.18,3.45,3.1,3.8,1.59,2.84,4.2,5.76,3.54,4.87,4.48,2.03,3.02,2.78,2.69
88,William Carvalho Betis 2019,2019,La Liga,Betis,Defensive Midfield,POR,1992,13,69,2.68,2.4,3.12,3.51,1.34,2.47,2.59,1.73,2.71,3.11,1.82,3.96,3.69,3.63,3.33,3.29,3.59,2.27,1.14,1.17,1.2
89,Casemiro Real Madrid 2019,2019,La Liga,Real Madrid,Defensive Midfield,BRA,1992,35,88,3.13,3.5,2.66,3.33,3.01,3.75,3.98,2.84,2.64,2.23,3.14,2.53,2.83,3.6,2.7,3.16,3.24,2.81,3.62,3.21,1.69
90,Francis Coquelin Valencia 2019,2019,La Liga,Valencia,Defensive Midfield,FRA,1991,26,73,2.27,1.86,2.25,2.56,2.08,1.75,1.64,2.02,2.38,1.73,1.92,3.08,2.35,2.41,3.54,2.31,2.71,2.05,1.75,2.17,2.4
91,Papakouli Diop Eibar 2019,2019,La Liga,Eibar,Defensive Midfield,SEN,1986,30,75,1.97,2.46,1.88,1.59,2.32,2.24,2.83,2.44,2.58,2.28,2.1,1.76,1.2,1.33,1.16,2.27,1.67,2.68,1.98,2.44,2.26
92,Fernando Sevilla 2019,2019,La Liga,Sevilla,Defensive Midfield,BRA,1987,34,78,2.77,3.08,2.3,2.67,3.08,3.54,2.84,2.85,2.18,2.19,2.21,2.37,2.48,2.83,3.48,1.96,2.73,2.96,3.16,3.13,2.92
93,Manu García Alavés 2019,2019,La Liga,Alavés,Defensive Midfield,ESP,1986,30,66,1.91,2.77,1.69,1.45,2.32,3.05,3.64,1.34,2.12,1.26,2.17,2.2,1.09,1.35,1.25,1.56,1.69,2.89,3.16,2.15,0.84
94,Maxime Gonalons Granada 2019,2019,La Liga,Granada,Defensive Midfield,FRA,1989,19,79,2.1,1.76,2.08,1.85,2.61,1.55,1.88,2.12,1.8,1.88,1.74,2.85,1.84,1.55,2.58,2.15,1.83,2.65,3.97,2.1,1.59
95,Nemanja Gudelj Sevilla 2019,2019,La Liga,Sevilla,Defensive Midfield,SRB,1991,24,51,2.24,1.79,2.29,2.53,2.01,1.75,1.72,2.02,1.73,1.6,2.05,2.85,2.87,2.69,3.63,1.61,2.67,2.03,1.5,2.21,2.32
96,Stanislav Lobotka Celta Vigo 2019,2019,La Liga,Celta Vigo,Defensive Midfield,SVK,1994,17,81,2.37,1.84,2.69,2.73,1.87,1.49,1.75,2.12,2.82,2.7,2.04,2.48,3.73,2.66,3.19,2.6,2.82,0.94,1.8,1.21,4.55
97,David López Espanyol 2019,2019,La Liga,Espanyol,Defensive Midfield,ESP,1989,32,77,2.64,3.12,2.35,2.61,2.67,3.15,2.85,4.31,1.98,2.52,2.12,2.08,2.74,2.62,2.35,2.76,2.55,2.75,2.07,2.77,3.3
98,Thomas Partey Atlético Madrid 2019,2019,La Liga,Atlético Madrid,Defensive Midfield,GHA,1993,35,73,3.06,2.94,3.16,3.38,2.6,2.85,2.99,3.3,2.71,2.73,2.22,4.19,3.66,3.33,2.6,4.09,3.02,2.52,2.55,2.83,2.16
99,Rubén Pérez Leganés 2019,2019,La Liga,Leganés,Defensive Midfield,ESP,1989,26,84,2.39,1.82,2.03,2.37,2.94,1.72,1.68,2.12,2.04,1.93,2.38,1.93,1.85,2.36,1.92,2.7,2.21,2.03,3.14,3.22,2.77
100,Pere Pons Alavés 2019,2019,La Liga,Alavés,Defensive Midfield,ESP,1993,30,36,1.96,2.67,2.44,1.39,2.08,2.35,1.69,4.46,3.15,2.48,3.41,1.94,1.82,1.27,1.32,1.26,1.96,2.06,2.53,1.64,2.5
101,Nemanja Radoja Levante 2019,2019,La Liga,Levante,Defensive Midfield,SRB,1993,26,77,2.31,2.19,2.53,2.34,2.16,2.05,1.53,3.82,1.75,1.84,2.06,3.69,2.63,2.15,3.29,2.17,2.46,2.4,1.67,1.91,3.36
102,Marc Roca Espanyol 2019,2019,La Liga,Espanyol,Defensive Midfield,ESP,1996,35,86,2.68,2.05,3,2.99,2.29,2.04,1.88,2.02,2.45,3.32,3.3,2.19,3.18,2.72,2.32,4.15,2.56,1.5,3,2.31,1.86
103,Guido Rodríguez Betis 2019,2019,La Liga,Betis,Defensive Midfield,ARG,1994,14,67,2.57,3.3,2.29,2.65,2.33,3.63,3.75,2.73,2.13,1.52,2.19,3.36,2.15,2.61,2.95,2.39,2.91,2.34,3.03,1.84,2.41
104,Oier Sanjurjo Osasuna 2019,2019,La Liga,Osasuna,Defensive Midfield,ESP,1986,29,80,2.44,3.18,2.33,1.94,2.89,3.52,3,2.88,2.66,2.64,3.1,1.81,1.59,1.8,1.18,2.6,1.9,3,3.09,3.29,1.47
105,David Timor Getafe 2019,2019,La Liga,Getafe,Defensive Midfield,ESP,1989,22,43,2.44,4.12,2.64,1.69,2.57,3.9,4.6,5.22,2.74,2.12,5.18,2.05,1,1.7,-0.28,2.69,1.57,3.21,1.36,3.05,2.75
106,Mikel Vesga Athletic Club 2019,2019,La Liga,Athletic Club,Defensive Midfield,ESP,1993,20,63,2.43,2.43,2.75,2.06,2.72,2.33,2.88,1.63,2.99,2.55,3.84,2.36,2.17,1.94,2.01,2.16,2.28,2.79,2.69,2.84,2.4
107,Nikola Vukčević Levante 2019,2019,La Liga,Levante,Defensive Midfield,MNE,1991,30,52,1.8,1.71,1.98,1.98,1.47,1.69,1.46,2.12,1.68,1.98,1.74,2.19,2,1.75,3.31,1.7,2.14,1.72,1.8,1.39,0.88
108,Okay Yokuşlu Celta Vigo 2019,2019,La Liga,Celta Vigo,Defensive Midfield,TUR,1994,26,76,2.37,1.78,2.54,2.36,2.52,1.55,1.63,2.12,2.37,2.25,2.21,3.2,2.55,2.53,2.45,1.79,2.64,3.18,1.91,2.72,2.41
109,Andre-Frank Zambo Anguissa Villarreal 2019,2019,La Liga,Villarreal,Defensive Midfield,CMR,1995,36,72,2.99,3.19,3.75,2.88,2.52,3.2,3.39,2.53,3.67,2.79,2.31,6.24,3.79,2.84,3.3,2.66,3,2.62,2.62,2.27,2.88
110,Igor Zubeldia Real Sociedad 2019,2019,La Liga,Real Sociedad,Defensive Midfield,ESP,1997,33,80,2.47,1.64,2.4,2.9,2.31,1.55,1.43,2.12,1.71,1.51,1.91,2.77,3.79,3.14,3.19,2.2,2.98,2.46,1.91,2.36,2.7
111,Jon Ander Garrido Cádiz 2020,2020,La Liga,Cádiz,Defensive Midfield,ESP,1989,23,35,1.88,2.1,1.8,1.23,2.77,2.21,2.14,1.83,2.01,1.88,2.34,2.08,0.7,1.05,2.08,1.42,0.91,3.24,3.27,2.21,2.91
112,Sergio Busquets Barcelona 2020,2020,La Liga,Barcelona,Defensive Midfield,ESP,1988,36,70,3.74,1.98,3.27,5.44,2.47,1.82,1.36,2.12,3.42,4.74,1.82,2.27,4.21,6.01,3.71,5.66,4.68,2.05,2.89,2.29,2.63
113,Étienne Capoue Villarreal 2020,2020,La Liga,Villarreal,Defensive Midfield,FRA,1988,16,74,2.59,2.59,2.16,3.11,2.15,2.61,2.55,3.22,1.85,1.53,1.59,2.83,2.93,3.15,3.59,2.88,2.98,2.71,1.88,2.27,1.75
114,William Carvalho Betis 2020,2020,La Liga,Betis,Defensive Midfield,POR,1992,27,45,3.1,3.73,2.91,3.81,1.95,3.92,4.22,3.32,2.75,2.73,1.92,3.5,3.65,4.04,2.86,3.76,3.81,2.76,2,1.43,2.36
115,Casemiro Real Madrid 2020,2020,La Liga,Real Madrid,Defensive Midfield,BRA,1992,34,85,3.23,4.29,2.83,3.18,3.11,4.8,4.56,3.45,3.14,3.69,2.49,2.2,2.78,3.38,2.79,2.96,3.16,3.25,3.17,3.23,2.56
116,Papakouli Diop Eibar 2020,2020,La Liga,Eibar,Defensive Midfield,SEN,1986,33,70,2.16,2.85,2.02,1.6,2.74,2.83,3.5,2.12,2.74,2.49,2.4,1.86,1.1,1.48,0.84,2.29,1.46,3.35,2.38,2.96,2.16
117,Fernando Sevilla 2020,2020,La Liga,Sevilla,Defensive Midfield,BRA,1987,31,82,2.77,2.96,2.5,2.87,2.73,3,1.85,5.05,2.13,3.53,1.75,2.2,2.33,2.97,3.56,2.45,2.77,2.46,2.85,2.57,3.21
118,Manu García Alavés 2020,2020,La Liga,Alavés,Defensive Midfield,ESP,1986,25,45,1.87,2.32,1.95,1.4,2.29,2.46,2.68,1.63,2.12,1.87,3.16,1.44,1.21,1.25,0.9,1.6,1.83,3.45,2.63,2.05,1.21
119,Maxime Gonalons Granada 2020,2020,La Liga,Granada,Defensive Midfield,FRA,1989,25,59,2.44,1.75,2.58,2.35,2.81,1.69,1.44,2.12,2,2.37,2.17,3.18,2.63,2.22,2.63,2.52,2.28,2.52,3.98,2.48,2.02
120,Nemanja Gudelj Sevilla 2020,2020,La Liga,Sevilla,Defensive Midfield,SRB,1991,30,35,2.56,1.75,2.18,3.32,2.12,1.62,1.83,2.02,1.77,1.38,2.17,1.89,3.65,3.89,4.11,1.74,3.43,2.3,2.53,1.97,1.61
121,Jens Jønsson Cádiz 2020,2020,La Liga,Cádiz,Defensive Midfield,DEN,1993,35,75,1.76,1.95,1.91,1.04,2.58,1.94,1.86,1.92,2.13,2.25,1.87,2.31,1.01,0.77,1.51,1.31,1.11,2.31,2.38,2.41,3.58
122,Mickael Malsa Levante 2020,2020,La Liga,Levante,Defensive Midfield,MTQ,1995,35,67,2.63,2.62,2.47,2.84,2.44,2.63,3.06,2.25,2.33,2.06,2.09,2.71,3.21,2.82,3.01,2.81,2.86,1.35,2.49,2.65,2.91
123,Iván Marcone Elche 2020,2020,La Liga,Elche,Defensive Midfield,ARG,1990,33,80,2.35,1.56,2.24,2.67,2.32,1.49,1.08,2.21,1.78,1.86,2.02,2.37,2.88,2.77,3.04,2.34,2.64,1.82,2.43,2.09,3.22
124,José Mari Cádiz 2020,2020,La Liga,Cádiz,Defensive Midfield,ESP,1987,22,66,1.92,2.04,2.26,1.26,2.56,1.97,2.24,2.02,2,1.89,2.24,3.63,1.11,1.12,1.11,1.48,1.43,2.34,2.72,2.5,2.68
125,Pere Pons Alavés 2020,2020,La Liga,Alavés,Defensive Midfield,ESP,1993,22,54,2.16,3.49,2.91,1.33,2.2,3.48,3.08,4.07,3.5,3.49,3.55,2.72,1.57,1.07,1.72,1.59,1.47,1.49,2.57,1.7,3.54
126,Nemanja Radoja Levante 2020,2020,La Liga,Levante,Defensive Midfield,SRB,1993,21,53,2.52,1.83,2.45,2.95,2.3,1.75,1.5,2.02,2.4,1.98,2.39,2.25,3.42,2.96,3.2,2.75,3.02,2.46,1.68,2.14,3.61
127,Guido Rodríguez Betis 2020,2020,La Liga,Betis,Defensive Midfield,ARG,1994,35,82,2.66,2.5,2.29,2.65,3,2.44,2.95,2.2,2.34,2.01,1.94,2.97,2.27,2.79,2.9,2.27,2.64,2.29,3.6,3.12,2.4
128,Oier Sanjurjo Osasuna 2020,2020,La Liga,Osasuna,Defensive Midfield,ESP,1986,32,65,2.07,2.16,2.2,1.63,2.56,2.14,2.36,1.83,2.32,2.85,2.64,1.8,1.25,1.59,0.38,2.37,1.54,3.35,2.52,2.83,1.16
129,Renato Tapia Celta Vigo 2020,2020,La Liga,Celta Vigo,Defensive Midfield,PER,1995,32,84,2.54,2.01,2.42,2.58,2.83,1.94,2.21,1.92,1.98,1.98,2.03,2.91,2.9,2.79,2.57,2.14,2.61,2.65,2.75,3.33,1.86
130,David Timor Getafe 2020,2020,La Liga,Getafe,Defensive Midfield,ESP,1989,30,47,2.13,2.14,2.37,1.82,2.39,1.81,2.85,1.92,2.36,2.7,3.4,1.59,1.59,1.73,0.34,2.7,1.82,2.95,1.16,2.73,3.01
131,Lucas Torró Osasuna 2020,2020,La Liga,Osasuna,Defensive Midfield,ESP,1994,25,62,2.37,2.9,2.14,1.8,3.1,2.98,3.95,1.34,2.77,2.29,2.15,2.53,1.43,1.85,1.75,1.87,1.64,4.39,2.48,3.17,2.69
132,Mikel Vesga Athletic Club 2020,2020,La Liga,Athletic Club,Defensive Midfield,ESP,1993,30,57,2.52,2.72,2.54,2.5,2.43,2.72,3.38,1.44,3.23,3.07,2.21,2.16,2.69,2.38,2.13,2.93,2.49,2.95,1.88,2.74,2.05
133,Nikola Vukčević Levante 2020,2020,La Liga,Levante,Defensive Midfield,MNE,1991,13,62,1.76,1.76,1.77,1.83,1.63,1.82,1.26,2.12,1.94,1.92,2.32,1.39,1.38,1.59,3.09,1.53,2.11,2.39,1.34,1.26,2.32
134,Igor Zubeldia Real Sociedad 2020,2020,La Liga,Real Sociedad,Defensive Midfield,ESP,1997,24,82,2.56,2.6,2.46,2.71,2.42,2.96,2.34,2.79,1.58,1.76,2.38,2.02,4.07,2.95,3.33,1.88,2.79,2.66,1.6,2.57,3.14
135,Martín Zubimendi Real Sociedad 2020,2020,La Liga,Real Sociedad,Defensive Midfield,ESP,1999,31,61,2.55,2.03,2.37,2.97,2.33,2.14,1.74,1.92,2.28,2.04,1.82,2.25,3.66,2.84,3.44,3.1,2.85,2.71,1.65,2.42,2.89
136,Tomás Alarcón Cádiz 2021,2021,La Liga,Cádiz,Defensive Midfield,CHI,1999,23,62,2.33,2.33,2.99,1.8,2.63,2.46,2.61,1.63,2.31,3.23,5.5,1.66,1.24,1.64,1.46,2.2,1.92,1.95,2.42,2.91,2.95
137,Sergio Busquets Barcelona 2021,2021,La Liga,Barcelona,Defensive Midfield,ESP,1988,36,89,3.38,2.39,2.84,4.34,2.86,2.17,1.81,3.42,2.8,3.55,1.87,2.42,3.53,4.68,3.29,4.45,3.93,2.61,3.3,2.77,2.6
138,Étienne Capoue Villarreal 2021,2021,La Liga,Villarreal,Defensive Midfield,FRA,1988,30,76,2.65,2.23,2.75,2.91,2.41,1.98,2.15,2.76,2.52,1.97,2.02,3.46,3.84,2.84,3.28,2.86,2.92,2.69,2.64,2.08,2.59
139,William Carvalho Betis 2021,2021,La Liga,Betis,Defensive Midfield,POR,1992,33,55,3.45,4.14,3.81,3.88,2.25,4.34,5.29,2.07,4.15,4.17,2.37,4.59,4.09,3.77,3.25,4.55,3.66,2.26,2.43,1.85,2.95
140,Casemiro Real Madrid 2021,2021,La Liga,Real Madrid,Defensive Midfield,BRA,1992,32,80,3.38,2.89,2.92,3.78,3.36,2.89,3.65,1.89,2.88,3.92,2.47,2.1,3.11,4.05,3.06,3.78,3.53,3.38,3.79,3.57,2.07
141,Francis Coquelin Villarreal 2021,2021,La Liga,Villarreal,Defensive Midfield,FRA,1991,20,42,3.14,3.71,3.4,3.18,2.65,3.24,2.35,5.85,4.92,3.8,2.1,4.14,3.54,2.84,3.28,3.59,3.47,2.32,3.74,2.25,2.16
142,Thomas Delaney Sevilla 2021,2021,La Liga,Sevilla,Defensive Midfield,DEN,1991,26,60,2.51,3.32,2.38,2.26,2.59,3.42,3.42,3.27,2.82,2.27,3.3,2,1.89,2.35,2.09,2.01,2.46,3.4,2.25,2.36,2.91
143,Fernando Sevilla 2021,2021,La Liga,Sevilla,Defensive Midfield,BRA,1987,24,77,2.72,2.48,2.09,3.05,2.79,2.5,1.74,3.75,2.06,1.93,1.82,1.87,2.91,3.4,3.59,2.04,3.1,2.53,2.14,2.94,3.77
144,Manu García Alavés 2021,2021,La Liga,Alavés,Defensive Midfield,ESP,1998,24,45,2.82,2.11,4.93,2.83,1.66,1.75,1.79,2.02,3.99,5.09,5.97,4.78,3.61,2.46,1.78,4.25,2.55,0.99,1.84,1.59,2.22
145,Maxime Gonalons Granada 2021,2021,La Liga,Granada,Defensive Midfield,FRA,1989,24,61,2.39,1.92,2.59,2.17,2.79,1.75,1.92,2.02,2.35,3.06,2.2,2.29,2.76,1.94,2.72,2.47,2.02,2.66,2.88,2.96,2.31
146,Édgar González Betis 2021,2021,La Liga,Betis,Defensive Midfield,ESP,1997,21,70,2.64,3.01,2.03,2.65,2.87,3.68,2.39,3.16,1.55,1.73,1.59,2.31,2.65,2.98,3.72,1.35,2.84,2.7,1.95,3.46,3.09
147,Nemanja Gudelj Sevilla 2021,2021,La Liga,Sevilla,Defensive Midfield,SRB,1991,21,50,2.42,1.73,1.64,2.78,2.79,1.55,1.85,2.12,1.65,1.5,1.8,0.59,2.97,3.21,3.57,1.52,2.81,2.99,2.34,3.01,2.81
148,Gerard Gumbau Elche 2021,2021,La Liga,Elche,Defensive Midfield,ESP,1994,31,61,2.46,2.18,3.41,2.62,1.7,2.01,2.54,1.83,2.64,4.6,4.79,1.6,2.32,2.66,2.41,2.7,2.57,1.7,1.69,1.79,1.5
149,Jens Jønsson Cádiz 2021,2021,La Liga,Cádiz,Defensive Midfield,DEN,1993,22,59,1.9,1.95,2.19,1.02,2.92,2.08,1.6,1.92,2.14,2.54,2.94,2.14,0.82,0.73,1.89,1.22,0.98,2.32,3.42,2.53,3.68
150,Florentino Luís Getafe 2021,2021,La Liga,Getafe,Defensive Midfield,POR,1999,22,45,2.34,1.73,2.14,2.01,3.24,1.49,1.57,2.12,2.35,2.93,2.25,1.66,1.48,1.9,2.16,2.14,2.03,2.7,3.63,3.56,2.33
151,Mickael Malsa Levante 2021,2021,La Liga,Levante,Defensive Midfield,MTQ,1995,26,44,2.46,3.02,2.26,2.3,2.57,3.26,3.01,2.9,2.36,3.12,1.78,1.79,2.21,2.05,2.37,2.8,2.22,1.56,3.14,2.67,2.36
152,Iván Marcone Elche 2021,2021,La Liga,Elche,Defensive Midfield,ARG,1990,20,40,2.28,1.67,2.04,2.35,2.64,1.62,1.26,2.12,1.99,1.03,2.02,3.17,2.08,2.51,2.81,1.89,2.25,2.29,2.47,3.13,2.06
153,Javi Martínez Osasuna 2021,2021,La Liga,Osasuna,Defensive Midfield,ESP,1999,26,34,2.64,3.69,4.05,1.88,2.25,3.37,3.11,3.16,6.37,4.22,6.22,2.76,2.75,1.91,0.93,2.05,2.17,1.63,2.25,2.14,3.13
154,Omar Mascarell Elche 2021,2021,La Liga,Elche,Defensive Midfield,ESP,1993,32,78,2.14,1.83,1.92,2.21,2.33,1.82,1.59,2.02,2.06,1.43,2.03,2.14,2.21,2.18,3.2,1.73,2.33,2.12,1.63,2.54,3.16
155,Njegoš Petrović Granada 2021,2021,La Liga,Granada,Defensive Midfield,SRB,1999,15,61,2.23,2.98,2.26,1.65,2.67,3.57,3.5,1.15,2.36,2.37,2.33,2.37,1.92,1.47,1.85,1.84,1.76,2.35,3.4,2.17,3.06
156,Pere Pons Alavés 2021,2021,La Liga,Alavés,Defensive Midfield,ESP,1993,27,51,1.91,3.64,2.26,1.08,2.02,4.1,4.06,1.92,3.5,2.75,2.4,2.2,1.46,0.88,0.79,1.5,1.21,2.17,2.65,1.1,3.17
157,Nemanja Radoja Levante 2021,2021,La Liga,Levante,Defensive Midfield,SRB,1993,19,64,1.96,1.73,2.24,1.83,2.06,1.62,1.3,2.12,2.35,2.18,2.57,2.36,1.77,1.61,2.85,1.65,2.05,2.14,1.45,2.05,3.03
158,Guido Rodríguez Betis 2021,2021,La Liga,Betis,Defensive Midfield,ARG,1994,32,79,2.6,2.37,2.36,2.67,2.76,2.31,2.75,2.45,1.85,2.48,1.95,2.69,2.29,2.73,3.06,2.45,2.57,2.08,3.15,2.95,2.27
159,Renato Tapia Celta Vigo 2021,2021,La Liga,Celta Vigo,Defensive Midfield,PER,1995,29,49,2.62,2.01,2,2.7,3.22,1.88,2.32,1.92,2.06,1.73,1.89,1.7,2.9,2.96,2.32,2.44,2.59,2.67,3.84,3.66,1.65
160,Lucas Torró Osasuna 2021,2021,La Liga,Osasuna,Defensive Midfield,ESP,1994,33,83,2.49,2.52,2.01,2.09,3.38,2.31,3.07,2.2,2.71,1.72,2.12,2.3,1.96,2.02,1.79,2.47,1.95,3.91,2.71,3.99,2.41
161,José Luis García Vayá Levante 2021,2021,La Liga,Levante,Defensive Midfield,ESP,1998,29,69,2.69,2,3,2.95,2.44,1.88,1.96,1.92,2.57,3.62,3.13,2.38,2.75,2.99,2.27,3.21,2.9,2.3,2.72,2.52,1.89
162,Mikel Vesga Athletic Club 2021,2021,La Liga,Athletic Club,Defensive Midfield,ESP,1993,32,42,2.75,3.24,2.92,2.73,2.45,3.23,3.05,3.71,3.02,3.07,3.86,2.14,2.54,2.41,1.94,3.81,2.61,2.87,2.17,3.2,0.59
163,Igor Zubeldia Real Sociedad 2021,2021,La Liga,Real Sociedad,Defensive Midfield,ESP,1997,26,63,2.47,2.1,2.05,2.83,2.42,2.34,2.12,1.83,1.59,1.33,2.26,1.41,3.57,3.11,3.5,1.91,2.91,2.86,1.41,2.66,3.05
164,Martín Zubimendi Real Sociedad 2021,2021,La Liga,Real Sociedad,Defensive Midfield,ESP,1999,36,72,2.63,2.98,2.27,2.71,2.62,3.14,3.4,2.63,2.19,2.32,1.87,1.97,3.03,2.67,2.89,2.66,2.77,2.8,2.27,2.47,3.39
165,Benjamin André Lille 2019,2019,Ligue 1,Lille,Defensive Midfield,FRA,1990,26,79,2.79,2.65,2.73,2.35,3.5,2.49,1.95,3.9,2.82,2.6,2.75,3.05,2.51,2.51,1.36,2.32,2.59,3.84,3.73,3.86,1.92
166,Tiemoué Bakayoko Monaco 2019,2019,Ligue 1,Monaco,Defensive Midfield,FRA,1994,20,86,2.72,3.08,3.14,2.56,2.49,2.9,3.68,1.99,4.06,2.3,3.28,4.23,2.81,2.33,2.75,2.6,3.03,2.47,3.06,2.25,2.16
167,Danilo Barbosa Nice 2019,2019,Ligue 1,Nice,Defensive Midfield,BRA,1996,16,70,2.63,1.89,2.55,3.18,2.25,1.97,1.58,1.78,2.26,2.14,1.91,2.58,3.9,3.24,3.74,2.68,3.34,2.27,2.02,2.17,2.84
168,Alexis Blin Amiens 2019,2019,Ligue 1,Amiens,Defensive Midfield,FRA,1996,24,77,2.3,1.56,1.99,2.26,2.91,1.73,0.98,2,1.37,1.58,2.36,2.31,1.73,2.3,2.18,2.24,2.21,2.97,2.83,3.02,2.73
169,Xavier Chavalerin Reims 2019,2019,Ligue 1,Reims,Defensive Midfield,FRA,1991,24,89,2.5,2.15,3.79,2.15,2.25,1.95,1.84,2.83,2.52,4.39,6.11,2.59,1.6,1.95,1.33,2.92,2.14,1.63,2.8,2.04,2.52
170,Joris Chotard Montpellier 2019,2019,Ligue 1,Montpellier,Defensive Midfield,FRA,2001,20,63,2.04,1.6,2.4,1.79,2.33,1.46,1.74,1.89,1.49,2.21,3.07,2.4,1.85,1.58,0.99,2.65,1.73,2.49,2.6,2.44,1.44
171,Lucas Deaux Nîmes 2019,2019,Ligue 1,Nîmes,Defensive Midfield,FRA,1988,17,79,2.82,3.55,2.63,2.15,3.55,3.56,3.36,3.66,3.7,2.89,2.69,2.78,2.01,2.02,1,2.98,2.08,4.15,3.97,3.37,2.74
172,Ibrahima Diallo Brest 2019,2019,Ligue 1,Brest,Defensive Midfield,FRA,1999,19,82,2.27,1.55,2.58,2.16,2.53,1.35,1.41,2,1.91,2.09,1.75,3.58,3.03,2.17,2.67,1.79,2.34,2.15,2.79,2.2,3.3
173,Idrissa Gana Gueye Paris S-G 2019,2019,Ligue 1,Paris S-G,Defensive Midfield,SEN,1989,20,83,3.67,2.98,3.91,4.5,2.63,2.92,2.41,2.77,4.43,5.35,2.03,3.35,4.88,4.71,3.97,4.51,4.23,2.11,3.53,2.33,2.45
174,Boubacar Kamara Marseille 2019,2019,Ligue 1,Marseille,Defensive Midfield,FRA,1999,24,89,2.41,2.08,1.79,2.48,2.89,1.95,1.8,3.02,1.84,1.55,1.27,2.03,2.45,2.54,3.27,1.94,2.54,3.34,2.94,2.68,2.9
175,Paul Lasne Brest 2019,2019,Ligue 1,Brest,Defensive Midfield,FRA,1989,19,64,2.52,3.51,3.1,2.39,1.84,3.38,3.34,3.87,3.82,4,3.89,2.14,2.07,2.13,1.96,2.81,2.81,2.24,1.71,0.98,3.85
176,Damien Le Tallec Montpellier 2019,2019,Ligue 1,Montpellier,Defensive Midfield,FRA,1990,28,88,1.98,2.43,1.63,1.52,2.66,2.25,2.2,3.41,2.17,1.67,2.48,1.07,1.21,1.35,1.51,1.9,1.48,3.46,2.13,2.5,3.13
177,Yann M'Vila Saint-Étienne 2019,2019,Ligue 1,Saint-Étienne,Defensive Midfield,FRA,1990,23,84,2.3,1.67,1.68,2.54,2.68,1.66,1.64,1.89,1.46,2,1.27,1.56,1.87,2.58,2.77,2.42,2.49,2.62,1.46,2.89,4.24
178,Habib Maïga Metz 2019,2019,Ligue 1,Metz,Defensive Midfield,CIV,1996,26,87,2.78,2.58,3.67,2.38,2.83,2.36,3.07,2.14,3,2.12,5.82,3.71,3.18,2.38,1.8,2.41,2.68,2.67,3.35,2.72,2.41
179,Thiago Mendes Lyon 2019,2019,Ligue 1,Lyon,Defensive Midfield,BRA,1992,22,82,2.75,2.1,2.87,3.04,2.54,2.06,2.43,1.46,2.48,4.06,2.23,2.44,2.5,2.91,2.86,3.46,2.95,2.43,2.04,2.64,3.22
180,Thomas Monconduit Amiens 2019,2019,Ligue 1,Amiens,Defensive Midfield,FRA,1991,19,72,2.05,1.72,2.54,2.08,1.83,1.53,1.69,1.89,2.24,1.96,3.61,2.35,2.29,2,1.27,2.6,2.09,2.6,1.51,1.96,1.26
181,Marshall Munetsi Reims 2019,2019,Ligue 1,Reims,Defensive Midfield,ZIM,1996,17,49,2.31,1.63,3.18,1.54,3.1,1.59,1.2,1.89,2.2,3.01,3.14,4.04,2.41,1.62,1.03,1.32,1.96,4.15,2.22,3.68,2.06
182,Kévin N'Doram Metz 2019,2019,Ligue 1,Metz,Defensive Midfield,FRA,1996,20,82,2.31,1.63,2.47,2.3,2.52,1.53,1.56,1.89,1.74,2.29,1.58,3.35,2.74,2.24,3.4,1.97,2.22,2.86,2.46,2.17,3.14
183,Otávio Bordeaux 2019,2019,Ligue 1,Bordeaux,Defensive Midfield,BRA,1994,25,88,2.53,2.42,2.02,2.77,2.59,2.36,2.48,3.26,1.48,1.57,1.76,2.35,2.56,3.01,3.61,1.76,2.94,1.58,3.68,2.33,2.43
184,Leandro Paredes Paris S-G 2019,2019,Ligue 1,Paris S-G,Defensive Midfield,ARG,1994,17,48,3.59,2.21,3.23,5.29,2.07,1.7,3.63,1.67,2.26,2.29,2.09,3.83,5.21,5.7,4.28,5.32,4.76,2.12,1.91,2.21,1.93
185,Alaixys Romao Reims 2019,2019,Ligue 1,Reims,Defensive Midfield,TOG,1984,22,81,2.31,1.91,2.46,2.36,2.31,2.02,1.83,1.67,1.97,2.64,2.04,2.8,2.31,2.23,2.15,2.63,2.47,2.6,2.83,2.54,0.57
186,Ibrahim Sangaré Toulouse 2019,2019,Ligue 1,Toulouse,Defensive Midfield,CIV,1997,25,87,2.84,2.14,3.44,2.64,3.02,2.07,2.37,1.56,2.74,3.5,3.35,3.92,2.87,2.52,1.51,3.45,2.58,2.65,3.57,3.18,2.07
187,Baptiste Santamaria Angers 2019,2019,Ligue 1,Angers,Defensive Midfield,FRA,1995,28,89,2.61,2.41,2.43,2.28,3.3,2,2.99,2.23,3.08,2.03,1.72,3.71,2.27,2.15,2.38,2.55,2.2,2.8,3.28,3.15,4.17
188,Sidy Sarr Nîmes 2019,2019,Ligue 1,Nîmes,Defensive Midfield,SEN,1996,22,53,2.19,2.83,2.65,1.38,2.72,2.96,4.28,0.81,2.51,3.63,2.41,2.82,1.39,1.53,-0.07,1.85,1.23,5.58,2.29,2.56,1.01
189,Ibrahima Sissoko Strasbourg 2019,2019,Ligue 1,Strasbourg,Defensive Midfield,FRA,1997,23,69,2.22,2.04,3.09,1.77,2.34,1.89,1.77,1.67,3.45,2.88,4.15,2.58,2.7,1.47,2.16,2.15,1.83,2.83,2.59,2.07,2.13
190,Boubakary Soumaré Lille 2019,2019,Ligue 1,Lille,Defensive Midfield,FRA,1999,20,61,2.45,1.43,2.93,2.87,1.99,1.23,0.84,2.1,2.26,2.63,2.2,3.79,3.19,2.63,3.49,3.15,2.78,2.01,2.05,1.73,2.55
191,Aurélien Tchouaméni Bordeaux 2019,2019,Ligue 1,Bordeaux,Defensive Midfield,FRA,2000,15,74,2.54,2.36,2.44,2.65,2.54,2.31,3.31,1.35,2.22,1.75,2.17,3.07,2.93,2.65,2.52,2.71,2.66,2.36,2.55,2.77,2.15
192,Abdoulaye Touré Nantes 2019,2019,Ligue 1,Nantes,Defensive Midfield,FRA,1994,27,82,2.58,2.78,2.82,2.57,2.34,2.77,2.99,2.17,3.19,2.34,2.38,3.97,2.61,2.55,2.37,2.51,2.82,2.58,1.77,2.2,3.41
193,Lucas Tousart Lyon 2019,2019,Ligue 1,Lyon,Defensive Midfield,FRA,1997,24,73,2.56,2.99,2.61,2.2,2.84,2.84,3.58,3.09,2.45,2.24,3,2.64,2.62,2.16,2.44,2.03,2.36,3.27,3.31,2.55,2.33
194,William Vainqueur Toulouse 2019,2019,Ligue 1,Toulouse,Defensive Midfield,FRA,1988,21,82,2.35,1.86,2.82,2.37,2.22,1.65,1.96,1.78,2.53,1.94,3.16,4.01,2.16,2.43,3.53,1.64,2.46,1.88,2.57,2.49,1.32
195,Laurent Abergel Lorient 2020,2020,Ligue 1,Lorient,Defensive Midfield,FRA,1993,38,78,2.39,2.57,2.48,2.23,2.47,2.36,2.55,3.41,2.29,2.45,2.99,2.25,2.16,2.16,2.3,2.27,2.32,0.73,3.9,1.92,3.24
196,Matteo Ahlinvi Nîmes 2020,2020,Ligue 1,Nîmes,Defensive Midfield,BEN,1999,20,45,2.11,4.54,2.79,1.29,1.67,5.06,5.13,3.65,2.91,1.58,2.46,4.52,2.75,1.2,1.57,1.15,1.54,1.36,2.25,0.9,2.98
197,Jean-Eudes Aholou Strasbourg 2020,2020,Ligue 1,Strasbourg,Defensive Midfield,CIV,1994,27,79,2.05,2.85,2.08,1.5,2.44,2.9,3.01,2.76,2.49,1.88,1.9,2.9,1.57,1.32,2.25,1.59,1.39,2.83,2.16,2.72,1.81
198,Ibrahim Amadou Angers 2020,2020,Ligue 1,Angers,Defensive Midfield,FRA,1993,24,63,2.1,3,1.75,1.82,2.34,3.52,3.72,0.7,2.88,1.85,1.79,1.8,1.47,1.71,2.75,1.62,1.79,2.55,2.6,2.25,1.94
199,Benjamin André Lille 2020,2020,Ligue 1,Lille,Defensive Midfield,FRA,1990,35,82,2.9,2.04,2.57,3.06,3.33,1.84,2.08,1.78,2.98,2.53,2.39,2.63,2.76,3.16,2.54,3.19,2.91,3.77,3.57,3.57,1.9
200,Yannick Cahuzac Lens 2020,2020,Ligue 1,Lens,Defensive Midfield,FRA,1985,30,75,1.94,2.79,1.83,1.57,2.16,3.32,1.95,3.03,2.05,1.75,2.67,1.52,1.33,1.33,2.26,1.87,1.38,2.56,1.7,2.08,2.73
201,Xavier Chavalerin Reims 2020,2020,Ligue 1,Reims,Defensive Midfield,FRA,1991,30,85,1.92,1.95,2.29,1.63,2.05,1.89,2.22,1.67,2.06,2.81,2.81,2.15,1.11,1.39,2.21,1.81,1.64,1.46,2.85,1.54,2.58
202,Pedro Chirivella Nantes 2020,2020,Ligue 1,Nantes,Defensive Midfield,ESP,1997,32,71,2.1,1.63,1.91,2.31,2.17,1.48,1.3,2,2.27,2.48,2.19,1.12,1.76,2.16,2.39,2.62,2.23,1.38,1.7,2.22,3.6
203,Joris Chotard Montpellier 2020,2020,Ligue 1,Montpellier,Defensive Midfield,FRA,2001,29,40,1.57,2.16,2.17,0.89,1.84,2.27,2.38,1.56,2.2,1.89,3.48,2.22,0.92,0.88,0,1.38,0.79,1.82,1.47,1.61,3.05
204,Adrián Cubas Nîmes 2020,2020,Ligue 1,Nîmes,Defensive Midfield,PAR,1996,27,83,2.07,1.98,1.62,1.73,2.9,1.83,1.84,2.92,1.59,1.35,1.74,1.9,1.51,1.69,2.09,1.64,1.76,0.7,3.94,3.21,2.57
205,Lucas Deaux Nîmes 2020,2020,Ligue 1,Nîmes,Defensive Midfield,FRA,1988,25,70,2.6,2.62,3.27,2.24,2.65,2.43,2.66,2.7,3.12,3.17,4.66,2.94,2.14,2.34,1.58,2.35,2.22,2.98,3.01,2.39,2.35
206,Lucas Douath Saint-Étienne 2020,2020,Ligue 1,Saint-Étienne,Defensive Midfield,FRA,2003,30,44,2.04,1.84,2.08,1.79,2.46,2.03,1.53,1.78,1.76,1.23,1.85,2.67,2.81,1.79,2.79,1.24,1.88,2.53,2.84,2.79,0.96
207,Cheick Doucouré Lens 2020,2020,Ligue 1,Lens,Defensive Midfield,MLI,2000,33,80,2.62,2.47,2.67,2.56,2.73,2.18,2.21,3.18,3.02,3.09,1.59,3.03,2.97,2.29,2.89,3.05,2.44,2.24,2.97,2.83,2.59
208,Idrissa Gana Gueye Paris S-G 2020,2020,Ligue 1,Paris S-G,Defensive Midfield,SEN,1989,28,56,3.78,3,3.58,4.85,2.77,2.48,2.91,3.66,4.12,3.05,2.36,3.58,5.83,5.35,3.97,4.49,4.52,2.54,3.47,2.59,2.29
209,Pape Gueye Marseille 2020,2020,Ligue 1,Marseille,Defensive Midfield,SEN,1999,32,64,2.58,2.73,2.22,2.77,2.49,2.85,2.35,3.53,1.95,1.88,2.45,1.9,2.8,2.93,2.39,2.63,2.79,3.02,2.22,2.97,1.17
210,Boubacar Kamara Marseille 2020,2020,Ligue 1,Marseille,Defensive Midfield,FRA,1999,35,83,2.69,1.91,2.47,3.02,2.74,1.59,2.05,1.89,2.79,2.65,1.78,2.62,2.85,3.13,2.97,2.9,2.9,2.99,2.93,2.49,2.79
211,Paul Lasne Brest 2020,2020,Ligue 1,Brest,Defensive Midfield,FRA,1989,22,76,2.27,1.93,1.75,2.48,2.51,2.09,1.45,1.78,2.36,1.62,1.84,1.36,2.28,2.71,2.7,1.74,2.71,2.4,2.43,2.53,2.7
212,Damien Le Tallec Montpellier 2020,2020,Ligue 1,Montpellier,Defensive Midfield,FRA,1990,23,53,1.75,2.56,1.23,1.33,2.33,2.98,3.07,1.02,2.17,1.11,1.27,1.69,0.78,1.08,1.46,1.62,1.56,3.32,1.18,2.63,2.51
213,Fabien Lemoine Lorient 2020,2020,Ligue 1,Lorient,Defensive Midfield,FRA,1987,30,64,2.75,2.44,2.38,3.14,2.59,2.37,2.13,2.76,2.77,2.36,3.14,1.41,2.67,3.42,2.91,2.83,2.95,2.53,3.06,2.85,1.2
214,Habib Maïga Metz 2020,2020,Ligue 1,Metz,Defensive Midfield,CIV,1996,31,87,2.52,2.54,3.03,2.23,2.55,2.61,2.6,2.15,2.69,3.49,3.06,2.9,2.5,2.14,2.08,2.5,2.19,2.51,2.85,2.65,1.85
215,Pape Matar Sarr Metz 2020,2020,Ligue 1,Metz,Defensive Midfield,SEN,2002,22,72,2.79,3.29,3.09,2.52,2.73,3,3.51,4.17,2.8,3.09,2.2,2.89,4.42,2.44,2.72,2.56,2.58,2.51,2.74,2.7,3.01
216,Thiago Mendes Lyon 2020,2020,Ligue 1,Lyon,Defensive Midfield,BRA,1992,32,70,2.84,2.3,2.54,3.25,2.7,2.25,2.74,1.46,2.8,3.36,2.15,2.1,2.43,2.95,3.3,4.13,2.85,2.18,2.74,2.74,3.08
217,Thomas Monconduit Lorient 2020,2020,Ligue 1,Lorient,Defensive Midfield,FRA,1991,27,43,2.62,3.36,2.68,2.59,2.27,3.43,3.45,3.85,2.39,3.26,2.8,2.04,2.52,2.44,1.69,3.41,2.46,2.44,2.52,2.09,2.12
218,Marshall Munetsi Reims 2020,2020,Ligue 1,Reims,Defensive Midfield,ZIM,1996,27,71,2.05,2.24,1.82,1.7,2.61,2.25,1.94,2.94,1.81,1.46,1.95,2.22,1.66,1.65,2.47,1.37,1.77,3.35,1.19,3.36,2.33
219,Yvan Neyou Saint-Étienne 2020,2020,Ligue 1,Saint-Étienne,Defensive Midfield,CMR,1997,31,79,2.35,2.28,3.25,2.19,1.99,2.18,2.61,2.29,2.08,2.57,2.22,5.29,2.93,2.15,2.74,1.85,2.43,2.12,2.05,1.77,2.33
220,Steven Nzonzi Rennes 2020,2020,Ligue 1,Rennes,Defensive Midfield,FRA,1988,34,86,3.06,2.47,2.24,4.38,2.03,2.56,2.15,2.4,2.76,1.99,1.62,2.07,3.55,4.88,3.86,3.8,4.17,2.97,1.28,1.73,3.09
221,Otávio Bordeaux 2020,2020,Ligue 1,Bordeaux,Defensive Midfield,BRA,1994,18,87,2.16,2.09,1.48,2.36,2.4,1.95,1.56,3.83,1.32,1.15,1.6,1.44,1.86,2.59,3.52,1.29,2.47,1.54,3.31,2.16,2.33
222,Vincent Pajot Metz 2020,2020,Ligue 1,Metz,Defensive Midfield,FRA,1990,12,76,2.3,1.99,2.1,2.19,2.75,2.08,2.11,1.67,1.84,1.46,3.19,1.83,2.01,2.35,2.86,1.57,2.19,2.57,3.41,2.51,2.43
223,Leandro Paredes Paris S-G 2020,2020,Ligue 1,Paris S-G,Defensive Midfield,ARG,1994,21,62,3.55,2.82,3.05,5.2,1.91,2.59,3.73,2.44,2.52,3.34,2.4,1.71,5.09,5.64,3.57,5.5,4.59,2.23,2.13,1.87,1.34
224,Danilo Pereira Paris S-G 2020,2020,Ligue 1,Paris S-G,Defensive Midfield,POR,1991,23,62,2.98,3.41,2.15,3.5,2.62,3.87,3.54,3.19,1.93,1.48,1.7,2.28,3.47,3.9,4.1,2.47,3.41,2.93,1.4,2.89,3.67
225,Morgan Schneiderlin Nice 2020,2020,Ligue 1,Nice,Defensive Midfield,FRA,1989,28,78,2.57,1.87,2.17,3.12,2.38,1.84,1.85,1.78,2.17,2.09,2.04,1.88,2.78,3.32,3.14,2.71,3.11,2.76,2.04,2.54,2.14
226,Ibrahima Sissoko Strasbourg 2020,2020,Ligue 1,Strasbourg,Defensive Midfield,FRA,1997,36,72,2.15,2.06,2.42,1.81,2.5,2.01,2.02,1.56,2.9,1.28,3.72,2.64,2.18,1.64,1.81,2.21,1.71,2.93,2.4,2.76,1.56
227,Boubakary Soumaré Lille 2020,2020,Ligue 1,Lille,Defensive Midfield,FRA,1999,32,60,2.9,1.65,2.86,3.71,2.37,1.41,1.51,2,2.24,2.59,1.64,3.22,4.28,3.81,2.72,4.08,3.57,2.46,1.76,2.31,3.42
228,Aurélien Tchouaméni Monaco 2020,2020,Ligue 1,Monaco,Defensive Midfield,FRA,2000,36,85,2.91,3.19,2.88,2.62,3.23,3.38,3.73,1.87,3.31,2.56,3.25,2.9,2.87,2.57,2.22,2.94,2.57,3.3,3.77,3.16,2.42
229,Khéphren Thuram-Ulie Nice 2020,2020,Ligue 1,Nice,Defensive Midfield,FRA,2001,29,52,2.52,2.98,2.39,2.81,2,2.91,2.4,4.27,2.61,1.52,2.11,2.91,3.3,2.8,3,2.76,2.78,2.47,2.03,1.54,2.66
230,Abdoulaye Touré Nantes 2020,2020,Ligue 1,Nantes,Defensive Midfield,FRA,1994,29,58,2.48,2.93,2.69,2.35,2.3,3.26,3.04,2.15,2.62,3.59,2.02,2.74,2.2,2.29,2.33,2.5,2.34,2.83,1.4,2.18,3.59
231,Salis Abdul Samed Clermont Foot 2021,2021,Ligue 1,Clermont Foot,Defensive Midfield,GHA,2000,31,79,2.45,2.18,2.52,2.85,1.97,1.95,1.96,2.7,2.71,2.17,2.3,2.89,2.82,3.02,3.87,1.99,2.92,1.98,2.25,1.94,1.56
232,Laurent Abergel Lorient 2021,2021,Ligue 1,Lorient,Defensive Midfield,FRA,1993,34,87,2.59,2.2,3.23,2.38,2.61,2.25,2.52,1.46,2.43,3.38,3.74,3.45,2.13,2.24,2.05,2.67,2.54,1.49,3.23,2.52,2.94
233,Lucien Agoume Brest 2021,2021,Ligue 1,Brest,Defensive Midfield,FRA,2002,27,69,2.37,2.13,2.15,2.21,2.85,2.14,1.84,1.56,3.32,2.01,1.81,2.83,1.92,2.08,2.46,2.33,2.23,2.66,2.68,3.13,2.6
234,Jean-Eudes Aholou Strasbourg 2021,2021,Ligue 1,Strasbourg,Defensive Midfield,CIV,1994,25,40,2.25,3.58,2.73,1.72,2.06,3.85,3.63,2.44,3.96,3.26,2.47,3.09,1.85,1.42,2.35,1.8,2.03,2.43,1.01,2.4,2.54
235,Benjamin André Lille 2021,2021,Ligue 1,Lille,Defensive Midfield,FRA,1990,33,83,2.77,2.65,2.41,2.58,3.36,2.68,2.14,3.15,2.77,2.3,2.83,2.03,2.52,2.76,1.65,2.7,2.5,4.44,3.36,3.72,1.38
236,Xavier Chavalerin Troyes 2021,2021,Ligue 1,Troyes,Defensive Midfield,FRA,1991,34,80,2.13,3.32,3.15,1.4,1.9,3.2,3.05,4.34,2.94,3.02,5.94,2.24,1.05,1.23,0.74,1.94,1.52,1.53,2.05,1.3,3.53
237,Pedro Chirivella Nantes 2021,2021,Ligue 1,Nantes,Defensive Midfield,ESP,1997,31,85,2.46,2.71,2.11,2.95,1.91,2.55,2.18,3.93,2.6,2.9,2.08,1.32,2.02,2.81,2.8,3.44,2.74,1.5,1.36,1.74,3.63
238,Joris Chotard Montpellier 2021,2021,Ligue 1,Montpellier,Defensive Midfield,FRA,2001,36,82,1.95,2,1.8,1.82,2.23,1.95,1.75,2.62,1.77,1.63,2.81,1.52,1.15,1.62,2.48,1.82,1.92,1.82,1.15,2.59,3.49
239,Lucas Douath Saint-Étienne 2021,2021,Ligue 1,Saint-Étienne,Defensive Midfield,FRA,2003,31,58,2.25,2.55,2.35,1.96,2.45,2.68,2.09,2.95,2.4,1.69,2.5,2.7,2.66,1.84,3.15,1.64,1.96,1.99,3.03,2.37,2.12
240,Cheick Doucouré Lens 2021,2021,Ligue 1,Lens,Defensive Midfield,MLI,2000,34,87,2.8,2.36,2.99,3.11,2.42,2.19,2.82,2.12,2.47,4.2,1.51,2.53,3.66,2.88,2.97,3.74,2.96,1.72,2.86,2.23,2.88
241,Fransérgio Bordeaux 2021,2021,Ligue 1,Bordeaux,Defensive Midfield,BRA,1990,26,48,1.72,2.44,1.44,1.36,2.1,2.73,2.71,1.13,2.6,1.7,1.68,0.81,1.56,1.45,-0.15,1.69,1.6,3.2,1.53,2.29,1.5
242,Idrissa Gana Gueye Paris S-G 2021,2021,Ligue 1,Paris S-G,Defensive Midfield,SEN,1989,26,63,3.18,3.65,2.94,3.83,2.2,3.73,3.7,3.81,3.06,3.21,1.92,2.93,3.82,4.05,4.15,3.29,3.78,1.45,3.04,2.02,2.02
243,Johan Gastien Clermont Foot 2021,2021,Ligue 1,Clermont Foot,Defensive Midfield,FRA,1988,32,86,3.19,1.96,2.96,4.04,2.72,1.71,2.16,1.78,2.72,3.15,3.69,1.77,3.29,4.51,2.25,4.19,3.66,1.69,2.52,3.19,2.85
244,Pape Gueye Marseille 2021,2021,Ligue 1,Marseille,Defensive Midfield,SEN,1999,28,55,2.47,2.49,1.93,2.84,2.3,2.66,3.37,1.02,2.27,2.12,1.76,1.04,2.96,2.76,3.46,2.65,2.93,2.52,2.27,2.26,2.2
245,Josuha Guilavogui Bordeaux 2021,2021,Ligue 1,Bordeaux,Defensive Midfield,FRA,1990,15,89,2.7,3,2.39,2.52,3.04,3.6,2.8,2.63,1.74,2.95,2.41,1.79,2.29,2.59,1.98,2.62,2.55,2.62,2.83,3.49,2.65
246,Bonke Innocent Lorient 2021,2021,Ligue 1,Lorient,Defensive Midfield,NGA,1996,12,73,2.06,1.62,1.81,1.76,2.86,1.66,1.48,1.89,1.42,1.85,2.65,1.71,0.84,1.59,3.3,1.3,1.89,2.63,3.26,3.15,1.69
247,Boubacar Kamara Marseille 2021,2021,Ligue 1,Marseille,Defensive Midfield,FRA,1999,34,82,3.03,2.27,2.39,3.74,2.83,2.07,1.85,2.72,3.11,2.3,2.43,1.85,3.11,4.17,3.65,2.9,3.76,2.75,3.08,2.55,3.22
248,Paul Lasne Brest 2021,2021,Ligue 1,Brest,Defensive Midfield,FRA,1989,15,56,2.36,2.1,2.59,2.15,2.6,1.89,1.92,1.67,3.64,3.73,3.25,1.46,1.6,1.95,2.51,2.43,2.1,1.8,2.45,2.62,3.6
249,Mario Lemina Nice 2021,2021,Ligue 1,Nice,Defensive Midfield,GAB,1993,32,61,2.63,3.05,2.43,2.6,2.6,3.28,2.64,3.36,2.55,1.56,2.09,3.09,3.26,2.58,3.09,2.24,2.86,2.52,2.87,2.65,2.12
250,Fabien Lemoine Lorient 2021,2021,Ligue 1,Lorient,Defensive Midfield,FRA,1987,21,53,2.75,1.73,2.52,3.29,2.62,1.78,1.17,1.89,2.26,2.9,2.23,2.18,2.73,3.63,3.12,2.89,3.01,1.88,3.09,2.94,1.73
251,Dion Lopy Reims 2021,2021,Ligue 1,Reims,Defensive Midfield,SEN,2002,26,63,1.88,2.08,1.95,1.52,2.25,2.07,2.06,1.56,2.77,1.67,1.27,2.83,2.08,1.29,2.76,1.31,1.67,2.22,2.83,1.88,2.23
252,Yohann Magnin Clermont Foot 2021,2021,Ligue 1,Clermont Foot,Defensive Midfield,FRA,1997,24,72,2.28,2.52,2.06,2.04,2.66,2.49,2.38,2.62,2.73,2.01,3.04,1.6,1.52,2.13,1.76,1.94,2.08,3.26,2.98,1.86,3.54
253,Habib Maïga Metz 2021,2021,Ligue 1,Metz,Defensive Midfield,CIV,1996,17,75,2.35,3.52,2.82,1.71,2.38,3.69,3.36,3.95,2.63,2.49,4.54,2.48,1.59,1.71,1.39,1.78,1.78,2.84,2.98,2.17,1.5
254,Pape Matar Sarr Metz 2021,2021,Ligue 1,Metz,Defensive Midfield,SEN,2002,33,65,2.34,2.53,2.83,1.98,2.4,2.48,3.18,2.06,2.21,3.55,1.27,3.51,2.89,1.81,2.08,2.3,1.96,2.53,1.98,2.48,2.77
255,Azor Matusiwa Reims 2021,2021,Ligue 1,Reims,Defensive Midfield,NED,1998,29,85,2.16,1.87,1.88,1.95,2.77,1.71,1.63,2.96,1.49,2.07,1.53,2.36,1.47,1.83,2.41,2.02,1.91,2.29,2.21,3.35,2.69
256,Thiago Mendes Lyon 2021,2021,Ligue 1,Lyon,Defensive Midfield,BRA,1992,29,64,3.01,2.54,2.35,3.6,2.85,2.37,2.03,3.9,2.29,2.73,1.63,2.1,3,3.94,3.27,3.23,3.37,2.19,2.53,3.2,3.17
257,Batista Mendy Angers 2021,2021,Ligue 1,Angers,Defensive Midfield,FRA,2000,34,71,2.11,2.09,1.92,2.16,2.18,2.01,2.06,2.7,1.65,1.42,2,2.19,2.22,2.04,2.77,1.98,2.3,1.84,2.13,2.26,2.43
258,Thomas Monconduit Lorient 2021,2021,Ligue 1,Lorient,Defensive Midfield,FRA,1991,34,66,2.62,2.93,3.31,2.47,2.21,2.65,3.39,3.49,2.37,4.31,3.45,2.82,2.34,2.33,1.17,3.37,2.46,2.78,1.49,2.39,2.38
259,Marshall Munetsi Reims 2021,2021,Ligue 1,Reims,Defensive Midfield,ZIM,1996,24,79,2.18,4.97,1.47,1.2,2.78,5.77,5.83,3.64,2.49,1.81,1.57,1.2,1.19,1.13,1.73,0.96,1.38,3.39,2.19,3.23,2.03
260,Kévin N'Doram Metz 2021,2021,Ligue 1,Metz,Defensive Midfield,FRA,1996,19,65,1.89,2.35,1.66,1.68,2.11,3,2.23,1.24,1.74,2.39,1.72,1.06,1.34,1.47,2.03,1.92,1.7,2.33,1.57,2.26,2.41
261,Yvan Neyou Saint-Étienne 2021,2021,Ligue 1,Saint-Étienne,Defensive Midfield,CMR,1997,16,59,2.1,1.74,1.88,2.17,2.31,1.53,2.16,1.89,1.57,2.15,1.55,1.86,1.95,2.1,2.29,2.05,2.45,1.51,2.37,2.79,1.79
262,Amadou Onana Lille 2021,2021,Ligue 1,Lille,Defensive Midfield,BEL,2001,32,42,2.43,3.69,2.28,2.07,2.47,4.42,4.46,1.62,2.49,3,1.64,2.34,1.97,1.85,2.23,2.32,2.23,2.72,2.72,2.38,2.05
263,Jean Onana Bordeaux 2021,2021,Ligue 1,Bordeaux,Defensive Midfield,CMR,2000,23,80,2.87,3.13,2.93,2.4,3.37,3.08,2.52,4.48,2.63,3.24,2.6,3.35,2.4,2.51,1.65,2.6,2.28,3.28,3.75,3.53,2.45
264,Otávio Bordeaux 2021,2021,Ligue 1,Bordeaux,Defensive Midfield,BRA,1994,16,72,2.25,1.69,1.93,2.6,2.24,1.53,2.1,1.89,1.31,1.79,1.93,1.92,2.13,2.65,3.41,2.09,2.65,1.44,2.97,1.98,2.45
265,Vincent Pajot Metz 2021,2021,Ligue 1,Metz,Defensive Midfield,FRA,1990,30,77,2.07,2.26,1.91,1.86,2.4,2.32,1.75,3.02,1.93,1.81,2.11,2.05,1.67,1.73,2.79,1.62,1.93,2.26,2.7,2.55,1.68
266,Leandro Paredes Paris S-G 2021,2021,Ligue 1,Paris S-G,Defensive Midfield,ARG,1994,15,56,3.38,2.52,2.51,4.9,2.24,2.3,2.11,4.11,2,2.75,1.27,1.75,4.6,5.65,4.59,3.89,4.43,1.04,2.86,1.96,3.12
267,Danilo Pereira Paris S-G 2021,2021,Ligue 1,Paris S-G,Defensive Midfield,POR,1991,27,75,2.77,4.38,1.68,3.21,2.15,5.07,4,4.77,2.12,1.22,1.27,1.53,2.99,3.57,4.31,1.93,3.31,2.48,1.11,2.03,3.86
268,Pablo Rosario Nice 2021,2021,Ligue 1,Nice,Defensive Midfield,NED,1997,36,76,2.52,1.96,2.44,2.82,2.43,2.02,1.82,1.67,2.36,2.55,2.72,2.04,2.44,2.75,3.1,2.81,2.82,2.63,2.2,2.28,3
269,Baptiste Santamaria Rennes 2021,2021,Ligue 1,Rennes,Defensive Midfield,FRA,1995,34,74,2.54,2.62,2.48,2.58,2.48,2.54,2.73,2.82,2.43,2.4,2.74,2.41,2.35,2.66,2.81,2.22,2.68,3.4,1.39,2.61,3.07
270,Ibrahima Sissoko Strasbourg 2021,2021,Ligue 1,Strasbourg,Defensive Midfield,FRA,1997,35,66,2.59,3.35,3.65,1.98,2.34,3.39,3.04,2.71,4.56,4.44,3.98,3.28,2.62,1.7,1.72,2.54,2.15,3.32,1.38,2.71,2.04
271,Florian Tardieu Troyes 2021,2021,Ligue 1,Troyes,Defensive Midfield,FRA,1992,30,88,3.03,2.29,3.39,3.37,2.65,2.54,1.94,1.78,2.64,4.8,3.85,1.91,2.66,3.52,2.28,3.88,2.93,2.4,2.13,2.68,3.7
272,Aurélien Tchouaméni Monaco 2021,2021,Ligue 1,Monaco,Defensive Midfield,FRA,2000,35,84,3.19,2.91,3.27,3.21,3.24,2.71,3.19,2.9,3.14,3.17,3.51,2.96,3.48,3.19,2.82,3.62,2.98,3.25,3.13,3.69,2.3
273,Khéphren Thuram-Ulie Nice 2021,2021,Ligue 1,Nice,Defensive Midfield,FRA,2001,36,53,2.97,4.35,3.49,2.7,2.33,4.77,3.84,4.16,3.98,4.08,2.52,3.38,3.97,2.55,2.91,2.93,2.66,1.94,2.14,2.39,2.9
274,Sander Berge Sheffield Utd 2019,2019,Premier League,Sheffield Utd,Defensive Midfield,NOR,1998,14,67,2.28,3.12,3.02,1.59,2.34,2.99,2.47,3.95,3.6,1.56,4.98,3.64,1.91,1.35,1.39,1.86,2.01,3.24,2.62,1.58,2.91
275,Étienne Capoue Watford 2019,2019,Premier League,Watford,Defensive Midfield,FRA,1988,30,88,2.38,1.87,2.61,2.2,2.72,1.89,1.8,1.74,2.08,2.85,2.46,3.18,1.76,2.15,1.96,2.41,2.19,2.71,2.71,3.12,1.73
276,Nathaniel Chalobah Watford 2019,2019,Premier League,Watford,Defensive Midfield,ENG,1994,22,42,2.01,2.04,2.31,1.36,2.73,2.08,1.89,1.61,2.69,3.16,2.28,2.16,1.32,1.22,0.75,1.9,1.37,2.6,2.96,2.32,3.5
277,Jack Cork Burnley 2019,2019,Premier League,Burnley,Defensive Midfield,ENG,1989,30,87,1.9,2.4,1.96,1.27,2.52,2.69,2.56,1.35,2.43,1.43,2.1,2.82,1.48,1.06,1.66,1.36,1.43,2.97,2.17,2.28,3.26
278,Leander Dendoncker Wolves 2019,2019,Premier League,Wolves,Defensive Midfield,BEL,1995,38,74,2.12,3.04,1.78,1.68,2.56,3.06,2.42,4.62,2.04,1.25,1.96,2.27,1.69,1.67,2.41,1.24,1.82,3.51,2.25,2.05,3.42
279,Fabinho Liverpool 2019,2019,Premier League,Liverpool,Defensive Midfield,BRA,1993,28,74,2.83,2.49,2.42,3.14,2.83,2.14,2.06,4.1,2.41,2.84,2.06,2.11,2.67,3.29,3.01,2.88,3.18,2.68,3.26,2.67,2.66
280,Fernandinho Manchester City 2019,2019,Premier League,Manchester City,Defensive Midfield,BRA,1985,30,80,3.03,1.96,2.51,4.04,2.44,2.16,2.07,1.61,1.52,1.54,1.7,2.14,5.3,4.38,3.55,3.8,3.76,3.15,2.16,2.48,2.11
281,Isaac Hayden Newcastle Utd 2019,2019,Premier League,Newcastle Utd,Defensive Midfield,ENG,1995,29,77,2.03,2.48,2.87,1.26,2.34,2.54,2.31,2.52,2.5,2.28,4.21,3.5,1.27,1.14,1.07,1.42,1.47,2.77,2.27,2.02,2.83
282,Jorginho Chelsea 2019,2019,Premier League,Chelsea,Defensive Midfield,ITA,1991,31,77,3.31,2.9,2.76,4.16,2.67,3.29,1.89,3.41,2.62,3.41,1.7,2.39,3.59,4.47,3.14,4.35,3.68,1.43,2.78,3.15,2.5
283,N'Golo Kanté Chelsea 2019,2019,Premier League,Chelsea,Defensive Midfield,FRA,1991,22,79,3.26,3.72,3.88,3.02,2.95,3.6,3.29,4.1,4.36,3.95,4.3,3.9,3.23,2.87,2.7,3.39,3.13,2.06,3.58,3.28,1.93
284,Jefferson Lerma Bournemouth 2019,2019,Premier League,Bournemouth,Defensive Midfield,COL,1994,33,82,2.24,2.18,2.06,2.03,2.7,2.15,2.13,2.57,1.89,2.07,1.65,2.69,1.8,1.94,1.66,2.37,2.03,2.67,2.69,3.1,1.75
285,Douglas Luiz Aston Villa 2019,2019,Premier League,Aston Villa,Defensive Midfield,BRA,1998,36,73,2.26,3.1,2.66,1.92,2.06,3.07,3.68,2.91,2.46,2.29,2.86,3.12,2.37,1.69,1.97,2.25,2.08,2.16,2.06,2.07,1.93
286,Nemanja Matić Manchester Utd 2019,2019,Premier League,Manchester Utd,Defensive Midfield,SRB,1988,21,75,2.93,1.87,3.21,3.44,2.48,1.68,1.74,2,2.56,3.39,1.73,3.57,4.33,3.59,3.19,3.42,3.24,2.51,1.98,2.76,2.59
287,Luka Milivojević Crystal Palace 2019,2019,Premier League,Crystal Palace,Defensive Midfield,SRB,1991,31,81,2.33,2.45,2.62,2.29,2.12,2.45,2.66,2.37,2.15,2.66,3.95,1.88,1.86,2.44,1.67,2.37,2.17,2.23,2.02,2.44,1.36
288,Marvelous Nakamba Aston Villa 2019,2019,Premier League,Aston Villa,Defensive Midfield,ZIM,1994,29,63,2.07,1.67,1.84,1.63,3.03,1.6,1.55,2,1.68,1.68,1.55,2.47,1.62,1.52,2.44,1.31,1.87,1.9,3.96,2.83,3.08
289,Wilfred Ndidi Leicester City 2019,2019,Premier League,Leicester City,Defensive Midfield,NGA,1996,32,84,2.66,2.67,1.97,2.44,3.45,2.79,2.34,3.3,2.01,1.62,1.58,2.71,2.03,2.62,2.7,1.83,2.59,3.32,4.15,3.63,1.93
290,Rúben Neves Wolves 2019,2019,Premier League,Wolves,Defensive Midfield,POR,1997,38,80,2.53,2.48,2.5,2.65,2.39,2.32,3.09,2.55,1.94,2.73,2.45,2.59,2.13,2.72,2.01,2.8,2.66,1.78,1.95,2.67,3.03
291,Declan Rice West Ham 2019,2019,Premier League,West Ham,Defensive Midfield,ENG,1999,38,90,2.43,2.2,2.68,2.11,2.79,2.04,2.45,2.34,2.18,2.16,2.96,3.17,2.48,1.93,2.92,2.1,2.13,2.4,3.19,2.5,3.27
292,Rodri Manchester City 2019,2019,Premier League,Manchester City,Defensive Midfield,ESP,1996,35,71,3.43,2.87,3.03,4.51,2.44,2.53,2.85,3.81,2.91,3.28,1.75,2.88,4.44,5.04,3.97,3.91,4.24,3.03,2.36,2.24,2.47
293,Oriol Romeu Southampton 2019,2019,Premier League,Southampton,Defensive Midfield,ESP,1991,30,62,2.43,1.65,2.3,2.33,3.03,1.6,1.42,2,1.72,2.53,2.21,2.4,1.99,2.24,2.28,2.6,2.26,2.84,3.2,3.34,2.13
294,Morgan Schneiderlin Everton 2019,2019,Premier League,Everton,Defensive Midfield,FRA,1989,15,67,2.26,1.87,2.01,2.57,2.16,1.97,1.69,1.74,1.95,1.8,2.29,2,1.97,2.32,3.05,3.01,2.34,2.57,2.4,2.45,0.63
295,Tomáš Souček West Ham 2019,2019,Premier League,West Ham,Defensive Midfield,CZE,1995,13,80,2.19,4.88,1.24,1.04,3.26,5.32,5.53,4.13,3.18,1.36,1.64,0.93,0.95,1.13,-0.27,1.34,1.19,4.79,3.33,2.42,3.73
296,Alexander Tettey Norwich City 2019,2019,Premier League,Norwich City,Defensive Midfield,NOR,1986,30,78,2.11,2.15,1.82,2.05,2.38,2.09,2.12,2.71,1.69,1.39,1.52,2.34,2.13,2.11,3.19,1.23,2.3,2.45,1.25,2.75,3.24
297,Lucas Torreira Arsenal 2019,2019,Premier League,Arsenal,Defensive Midfield,URU,1996,29,52,2.5,3.1,2.46,2.48,2.29,3.25,3.75,1.95,2.89,2.74,2.04,2.64,2.36,2.51,3.07,2,2.68,1.44,2.47,2.77,1.63
298,Tom Trybull Norwich City 2019,2019,Premier League,Norwich City,Defensive Midfield,GER,1993,16,71,2.22,1.9,1.67,2.16,2.85,1.89,2.24,1.74,1.54,1.14,1.44,2.25,1.99,2.13,3.81,1.44,2.19,2.71,4.14,2.42,1.92
299,Ashley Westwood Burnley 2019,2019,Premier League,Burnley,Defensive Midfield,ENG,1990,35,90,2.39,2.56,3.12,2.33,1.91,2.58,1.91,3.54,2.36,4.42,4.39,1.52,1.71,2.33,1.28,2.86,2.24,1.38,1.49,1.99,2.92
300,Harry Winks Tottenham 2019,2019,Premier League,Tottenham,Defensive Midfield,ENG,1996,31,72,2.62,1.82,2.62,3.29,2.03,1.71,1.81,1.87,2.16,2.3,2.73,2.19,3.48,3.35,3.22,3.27,3.18,1.98,2.07,1.72,2.8
301,Granit Xhaka Arsenal 2019,2019,Premier League,Arsenal,Defensive Midfield,SUI,1992,31,83,2.63,2.02,2.62,3.24,2.06,1.74,1.7,3.02,2.26,2.17,2.44,2.94,3.08,3.27,3.04,3.38,3.08,2.79,1.75,2.12,1.69
302,Sander Berge Sheffield Utd 2020,2020,Premier League,Sheffield Utd,Defensive Midfield,NOR,1998,15,75,2.23,2.57,3.75,1.68,1.79,2.47,2.09,1.61,4.95,3.26,4.77,4,2.89,1.41,1.99,1.71,2.19,2.33,2.14,1.09,2.45
303,Jack Cork Burnley 2020,2020,Premier League,Burnley,Defensive Midfield,ENG,1989,16,84,1.75,1.91,1.71,1.35,2.26,1.95,1.52,1.87,2.47,1.89,2.04,1.37,1.45,1.13,2.32,1.34,1.34,2.89,1.98,1.89,3.05
304,Leander Dendoncker Wolves 2020,2020,Premier League,Wolves,Defensive Midfield,BEL,1995,33,76,2.21,3.05,1.96,1.87,2.46,3.53,3.76,1.32,2.35,2.07,2.14,1.9,1.68,1.72,3.07,1.54,1.97,3.38,2.18,1.98,3.23
305,Ibrahima Diallo Southampton 2020,2020,Premier League,Southampton,Defensive Midfield,FRA,1999,22,46,2.4,2.25,2.64,2.33,2.4,2.43,2.49,1.48,2.19,2.35,2.8,3.01,2.4,2.37,2.49,1.99,2.56,1.82,3.55,2.25,1.41
306,Mohamed Elneny Arsenal 2020,2020,Premier League,Arsenal,Defensive Midfield,EGY,1992,23,67,2.27,2.37,1.92,2.81,1.7,2.34,2.03,3.37,1.78,1.31,1.78,2,2.84,2.81,4.06,2.26,2.79,1.31,1.17,1.51,3.44
307,Fabinho Liverpool 2020,2020,Premier League,Liverpool,Defensive Midfield,BRA,1993,30,86,2.66,1.72,1.78,3.29,2.83,1.68,1.52,2,1.81,1.15,1.62,1.39,3.34,3.71,3.63,2.29,3.27,3.02,2.36,3.01,3
308,Fernandinho Manchester City 2020,2020,Premier League,Manchester City,Defensive Midfield,BRA,1985,21,57,3.17,2.45,3.11,3.92,2.48,2.38,2.87,1.35,3.35,3.21,2.49,2.65,4.31,3.93,3.04,4.64,3.48,2.91,2.8,2.57,1.33
309,Isaac Hayden Newcastle Utd 2020,2020,Premier League,Newcastle Utd,Defensive Midfield,ENG,1995,24,81,1.86,1.85,1.8,1.42,2.55,1.79,1.85,1.87,2.02,1.3,2.71,1.95,1.2,1.35,1.83,1.29,1.51,3.16,2.05,2.94,1.77
310,Jorginho Chelsea 2020,2020,Premier League,Chelsea,Defensive Midfield,ITA,1991,28,72,3.09,2.36,2.72,3.74,2.74,2.91,1.26,2.13,2.6,3.43,1.57,2.7,3.18,4.1,3.31,3.35,3.58,1.78,3.42,2.62,2.89
311,N'Golo Kanté Chelsea 2020,2020,Premier League,Chelsea,Defensive Midfield,FRA,1991,30,72,2.86,2.28,2.83,2.94,3.04,2.4,2.16,1.61,2.92,2.86,2.15,3.38,2.94,3.12,2.81,2.56,3.02,1.83,3.69,3.48,2.02
312,Mario Lemina Fulham 2020,2020,Premier League,Fulham,Defensive Midfield,GAB,1993,28,61,2.39,2.45,2.61,2.1,2.62,2.43,2.35,2.94,2.11,1.95,2.04,3.89,2.65,1.97,2.56,2.07,2.24,2.09,2.96,2.77,2.2
313,Jake Livermore West Brom 2020,2020,Premier League,West Brom,Defensive Midfield,ENG,1989,18,69,1.47,1.7,1.4,0.92,2.2,1.76,1.4,2,1.6,1.28,2.2,1.1,0.95,0.75,0.68,1.24,1.07,2.35,2.11,2.62,1.18
314,Douglas Luiz Aston Villa 2020,2020,Premier League,Aston Villa,Defensive Midfield,BRA,1998,33,84,2.23,2.23,2.44,2.15,2.2,2.27,2.67,1.48,2.25,2.35,2.44,2.62,2.34,1.99,2.75,2.24,2.08,2.35,2.15,2.43,1.53
315,Nemanja Matić Manchester Utd 2020,2020,Premier League,Manchester Utd,Defensive Midfield,SRB,1988,20,55,3.14,2.12,3.21,3.88,2.51,1.87,2.26,1.87,3.04,2.12,2.67,3.4,5.16,4.18,3.53,3.69,3.55,2.6,2.12,2.51,3.04
316,Nampalys Mendy Leicester City 2020,2020,Premier League,Leicester City,Defensive Midfield,SEN,1992,23,63,2.25,1.71,1.84,2.75,2.07,1.52,1.73,2,1.94,1.61,1.44,1.72,2.79,2.9,3.58,2,2.83,1.75,2.39,1.82,2.49
317,Luka Milivojević Crystal Palace 2020,2020,Premier League,Crystal Palace,Defensive Midfield,SRB,1991,31,76,2.26,2.06,2.33,2.22,2.36,2.17,2.27,1.74,1.75,2.36,2.71,2.2,1.97,2.11,2.11,2.5,2.19,2.33,2.47,2.51,1.84
318,Wilfred Ndidi Leicester City 2020,2020,Premier League,Leicester City,Defensive Midfield,NGA,1996,26,84,2.68,2.27,2.1,2.47,3.57,2.17,1.83,3.4,1.92,2.56,1.67,1.91,2.23,2.7,3.07,1.72,2.48,2.89,4.42,3.98,1.78
319,Rúben Neves Wolves 2020,2020,Premier League,Wolves,Defensive Midfield,POR,1997,36,74,2.93,3.29,2.6,3.13,2.71,3.47,4.29,1.98,2.61,3.12,2.63,1.9,2.69,3.24,2.59,3.24,3.05,2.04,3.39,2.72,2.23
320,Thomas Partey Arsenal 2020,2020,Premier League,Arsenal,Defensive Midfield,GHA,1993,24,64,2.93,2.42,2.92,3.3,2.63,2.51,3.2,1.09,2.49,2.75,1.67,3.64,3.81,3.26,2.93,3.65,3.18,2.34,2.91,2.53,2.74
321,Kalvin Phillips Leeds United 2020,2020,Premier League,Leeds United,Defensive Midfield,ENG,1995,29,84,2.61,2.03,3,2.53,2.72,1.71,2.01,2.82,2.18,3.79,3.44,2.31,2.19,2.5,2.52,2.73,2.35,2.21,3.13,3.09,1.56
322,Harrison Reed Fulham 2020,2020,Premier League,Fulham,Defensive Midfield,ENG,1995,31,72,2.59,1.78,2.5,2.67,2.93,1.52,1.91,2,2.18,2.73,2.68,2.32,2.2,2.79,2.93,2.44,2.46,2.17,2.93,3.45,2.37
323,Declan Rice West Ham 2020,2020,Premier League,West Ham,Defensive Midfield,ENG,1999,32,90,2.54,2.53,3.03,2.19,2.72,2.56,2.62,2.14,2.75,2.41,3.69,3.12,2.99,2.05,2.85,2.08,2.29,2.48,2.33,2.57,3.99
324,Jaïro Riedewald Crystal Palace 2020,2020,Premier League,Crystal Palace,Defensive Midfield,NED,1996,33,55,1.84,2.83,1.92,1.37,1.99,2.7,1.95,4.72,2.38,1.91,2.01,2.23,1.46,1.01,2.5,1.5,1.46,1.75,1.72,1.8,3.16
325,Rodri Manchester City 2020,2020,Premier League,Manchester City,Defensive Midfield,ESP,1996,34,81,3.48,2.77,3.03,4.26,3.02,2.71,2.84,2.11,3.69,3.08,2.2,2.95,4.04,4.86,3.74,3.43,4.06,3.18,3.42,2.9,2.5
326,Oriol Romeu Southampton 2020,2020,Premier League,Southampton,Defensive Midfield,ESP,1991,21,84,2.63,2.26,2.46,2.83,2.64,1.95,2.19,3,2.53,2.62,2.01,2.31,2.98,3.14,2.1,2.51,2.9,2.71,2.74,2.78,2.03
327,Tomáš Souček West Ham 2020,2020,Premier League,West Ham,Defensive Midfield,CZE,1995,38,90,2.46,5.33,1.84,1.53,2.86,6.28,6.26,3.35,2.96,1.85,2.05,1.9,1.53,1.6,0.98,1.69,1.48,5.09,1.88,3.05,1.78
328,Ashley Westwood Burnley 2020,2020,Premier League,Burnley,Defensive Midfield,ENG,1990,38,90,2.54,2.62,3.35,2.61,1.82,2.44,2.15,3.81,2.57,3.86,5.62,1.76,1.85,2.52,1.33,3.59,2.3,1.12,0.97,2.13,3.13
329,Harry Winks Tottenham 2020,2020,Premier League,Tottenham,Defensive Midfield,ENG,1996,15,57,2.55,1.62,1.99,3.3,2.31,1.44,1.71,2,1.62,1.67,1.84,1.97,2.62,3.42,2.66,3.47,3.13,2.01,2.58,2.26,2.28
330,Granit Xhaka Arsenal 2020,2020,Premier League,Arsenal,Defensive Midfield,SUI,1992,31,81,2.91,2.25,2.4,3.98,2.03,2.09,2.35,2.6,2.21,2.44,1.89,1.72,3.83,4.04,3.43,4.52,3.44,2.58,1.62,2.05,2.15
331,Okay Yokuşlu West Brom 2020,2020,Premier League,West Brom,Defensive Midfield,TUR,1994,16,82,2.23,2.12,2.11,1.54,3.34,2.46,2.12,1.35,1.97,1.65,1.89,3.4,1.43,1.36,2.26,1.59,1.51,3.18,3.21,4.07,1.84
332,Andre-Frank Zambo Anguissa Fulham 2020,2020,Premier League,Fulham,Defensive Midfield,CMR,1995,36,72,2.8,2.55,3.91,2.4,2.71,2.3,3.02,1.35,4.11,3.13,2.57,6.61,3.32,2.21,2.48,2.63,2.55,2.76,2.79,2.67,2.61
333,Jack Cork Burnley 2021,2021,Premier League,Burnley,Defensive Midfield,ENG,1989,20,84,1.72,2.61,1.77,1.09,2.16,2.8,1.91,3.68,1.8,1.22,2.45,2.24,1.13,0.94,0.88,1.44,1.14,2.77,1.56,2.33,2.16
334,Leander Dendoncker Wolves 2021,2021,Premier League,Wolves,Defensive Midfield,BEL,1995,30,65,2.12,3.5,1.91,1.62,2.35,3.85,4.24,2.25,2.63,2.22,2.33,1.62,1.32,1.43,2.92,1.27,1.79,2.81,2.18,1.8,3.54
335,Kiernan Dewsbury Hall Leicester City 2021,2021,Premier League,Leicester City,Defensive Midfield,ENG,1998,28,75,2.75,2.75,4.29,2.45,2.08,2.57,2.52,2.48,4.09,4.39,5.95,3.26,3.41,2.33,1.28,2.84,2.98,2.03,1.77,1.83,3.28
336,Ibrahima Diallo Southampton 2021,2021,Premier League,Southampton,Defensive Midfield,FRA,1999,23,44,2.28,2.29,3.44,1.66,2.33,2.16,2.87,1.61,2.59,4.01,2.87,4.34,2.2,1.46,1.91,1.9,1.71,2.2,2.75,1.62,3.56
337,Mohamed Elneny Arsenal 2021,2021,Premier League,Arsenal,Defensive Midfield,EGY,1992,14,58,2.49,1.92,1.87,2.94,2.56,1.63,2.3,1.87,2.35,3.16,1.44,0.37,2.45,3.04,4.08,2.28,2.84,2.27,2.1,2.37,4.11
338,Fabinho Liverpool 2021,2021,Premier League,Liverpool,Defensive Midfield,BRA,1993,29,80,2.73,3.43,2.09,2.85,2.68,3.8,3,3.61,2.62,2.27,1.94,1.78,2.39,2.86,3.06,2.72,2.89,2.65,2.41,3.03,2.27
339,Fernandinho Manchester City 2021,2021,Premier League,Manchester City,Defensive Midfield,BRA,1985,19,51,3.29,4.07,3.02,3.87,2.3,4.5,4.22,3.66,2.83,3.49,2.26,2.66,3.72,3.93,3.55,3.99,3.76,2.8,2.32,1.97,2.61
340,Isaac Hayden Newcastle Utd 2021,2021,Premier League,Newcastle Utd,Defensive Midfield,ENG,1995,14,72,1.72,2.74,1.8,0.99,2.23,2.68,2.07,4.3,2.09,1.1,2.57,2.45,1.04,0.86,1.83,0.85,1.02,2.9,2.31,2.2,1.52
341,Vitaly Janelt Brentford 2021,2021,Premier League,Brentford,Defensive Midfield,GER,1998,31,74,2.37,3.67,2.7,1.67,2.52,3.82,3.94,3.57,2.82,2.9,3.52,2.46,1.7,1.49,1.2,2.29,1.58,2.48,2.5,2.21,3.4
342,Jorginho Chelsea 2021,2021,Premier League,Chelsea,Defensive Midfield,ITA,1991,29,78,3.04,2.5,2.63,3.64,2.74,3.03,1.76,1.87,2.74,3.58,1.67,2.18,3.03,3.79,3.29,3.6,3.49,1.82,3.38,2.63,2.85
343,N'Golo Kanté Chelsea 2021,2021,Premier League,Chelsea,Defensive Midfield,FRA,1991,26,68,3.28,3.67,3.72,3.38,2.67,3.58,3.83,2.89,4.7,4.38,2.52,4.02,3.87,3.25,2.89,3.61,3.71,1.97,3.27,2.35,3.14
344,Douglas Luiz Aston Villa 2021,2021,Premier League,Aston Villa,Defensive Midfield,BRA,1998,34,80,2.45,2.86,2.81,2.23,2.34,3.06,3.01,2.68,2.13,3.52,3.35,2,2.15,2.19,2.41,2.24,2.19,2.28,2.32,2.26,2.61
345,Nemanja Matić Manchester Utd 2021,2021,Premier League,Manchester Utd,Defensive Midfield,SRB,1988,23,60,2.84,1.79,3.02,3.21,2.69,1.6,1.62,2,2.48,3.6,2.13,2.56,3.86,3.27,2.98,3.36,2.99,2.92,2.35,2.97,2.31
346,Nampalys Mendy Leicester City 2021,2021,Premier League,Leicester City,Defensive Midfield,SEN,1992,14,74,2.04,1.55,1.58,2.53,1.9,1.41,1.48,2.13,1.43,0.92,1.44,1.55,2.71,2.7,3.91,1.32,2.83,1.43,2.28,1.68,2.3
347,Marvelous Nakamba Aston Villa 2021,2021,Premier League,Aston Villa,Defensive Midfield,ZIM,1994,16,57,1.85,1.41,1.68,1.62,2.49,1.25,1.2,2.13,1.4,1.22,1.65,2.45,1.42,1.42,2.49,1.56,1.69,2.16,2.84,2.84,1.35
348,Wilfred Ndidi Leicester City 2021,2021,Premier League,Leicester City,Defensive Midfield,NGA,1996,19,85,2.47,2.28,1.57,2.12,3.69,2.46,2.76,1.35,2.04,0.93,1.66,1.9,1.97,2.32,2.12,1.57,2.31,3.45,3.99,4.08,2.43
349,Rúben Neves Wolves 2021,2021,Premier League,Wolves,Defensive Midfield,POR,1997,33,81,2.86,3.01,2.89,3.1,2.42,2.6,3.6,3.89,2.33,2.82,3,2.95,2.77,3.19,2.29,3.32,3.06,1.99,2.14,2.54,3.02
350,Mathias Normann Norwich City 2021,2021,Premier League,Norwich City,Defensive Midfield,NOR,1996,23,72,2.09,2.45,2.88,1.69,1.96,2.35,2.93,2.59,1.84,2.9,3.29,3.15,2,1.67,0.31,2.27,1.79,2.67,1.37,2.31,1.31
351,Thomas Partey Arsenal 2021,2021,Premier League,Arsenal,Defensive Midfield,GHA,1993,24,85,2.62,3.25,2.7,2.61,2.3,3.35,4.16,2.25,2.61,2.87,1.7,3.52,2.64,2.42,2.76,2.93,2.59,2.08,2.66,2.12,2.41
352,Kalvin Phillips Leeds United 2021,2021,Premier League,Leeds United,Defensive Midfield,ENG,1995,20,80,2.47,2,2.03,2.46,3.02,1.89,2.26,1.74,2.24,1.78,2.38,1.99,2,2.45,2.18,2.59,2.49,2.36,4.01,3.1,1.84
353,Declan Rice West Ham 2021,2021,Premier League,West Ham,Defensive Midfield,ENG,1999,36,88,2.95,2.38,3.38,3.06,2.78,2.04,2.41,2.39,3.48,2.65,3.86,3.13,4.13,2.99,3.59,3.06,2.93,2.43,2.25,3.03,3.34
354,Rodri Manchester City 2021,2021,Premier League,Manchester City,Defensive Midfield,ESP,1996,33,87,3.46,3.95,2.48,4.29,2.76,3.66,3.78,4.85,4.13,2.82,1.94,1.54,3.81,4.74,3.91,3.69,4.1,3.14,2.65,2.61,2.94
355,Oriol Romeu Southampton 2021,2021,Premier League,Southampton,Defensive Midfield,ESP,1991,36,80,2.62,2.56,2.62,2.42,2.92,2.37,2.22,3.14,3.09,3.38,1.96,2.52,2.49,2.38,2.18,2.54,2.5,3.07,2.92,3.05,2.45
356,Oliver Skipp Tottenham 2021,2021,Premier League,Tottenham,Defensive Midfield,ENG,2000,18,75,2.27,1.89,2.12,2.72,1.93,1.76,1.59,2,2.69,2.18,2.19,1.4,2.82,2.57,3.38,2.73,2.66,1.84,1.92,1.74,2.52
357,Tomáš Souček West Ham 2021,2021,Premier League,West Ham,Defensive Midfield,CZE,1995,35,87,2.24,3.78,1.78,1.55,2.84,4.17,4.01,3.2,2.81,1.84,2.36,1.39,1.49,1.51,1.2,1.8,1.51,5,1.63,2.63,3.25
358,Boubakary Soumaré Leicester City 2021,2021,Premier League,Leicester City,Defensive Midfield,FRA,1999,19,58,2.11,2.08,2.2,1.96,2.26,2.13,2.14,1.74,2.25,1.91,2.39,2.52,2.01,1.91,1.77,1.89,2.32,2.97,1.92,1.78,3.29
359,Ashley Westwood Burnley 2021,2021,Premier League,Burnley,Defensive Midfield,ENG,1990,27,85,2.17,2,3.06,2.07,1.79,1.97,1.81,1.74,2.7,3.87,4.63,1.87,1.46,2.01,0.73,2.9,1.95,1.18,1.09,2.03,2.92
360,Harry Winks Tottenham 2021,2021,Premier League,Tottenham,Defensive Midfield,ENG,1996,19,48,2.68,1.86,3.06,3.41,1.76,1.68,1.68,2,2.62,3.89,3.17,2.02,3.06,3.25,2.97,3.99,3.31,1.44,0.92,1.85,3.21
361,Granit Xhaka Arsenal 2021,2021,Premier League,Arsenal,Defensive Midfield,SUI,1992,27,86,2.7,2.56,3.14,3.14,1.81,2.38,2.61,2.33,3.39,4.12,3.05,2.45,2.73,2.87,2.96,3.79,3.11,2.41,1.32,1.78,2.12
362,Sofyan Amrabat Hellas Verona 2019,2019,Serie A,Hellas Verona,Defensive Midfield,MAR,1996,34,86,2.62,2.27,3.72,2.52,2.16,2.27,2.2,1.88,2.89,2.48,3.08,5.23,4.37,2.37,2.94,2.54,2.64,2.32,2.36,2.08,1.87
363,Milan Badelj Fiorentina 2019,2019,Serie A,Fiorentina,Defensive Midfield,CRO,1989,22,72,2.5,2.74,2.39,2.44,2.55,2.98,2.59,2.62,2.36,2.67,1.51,3.19,2.09,2.4,1.79,2.49,2.89,1.99,2.31,2.8,2.86
364,Valon Behrami Genoa 2019,2019,Serie A,Genoa,Defensive Midfield,SUI,1985,17,65,1.73,1.76,1.61,1.25,2.49,1.78,1.71,2,1.44,1.06,1.71,2.38,1.29,0.89,2.27,1.21,1.63,2.64,3.77,2.21,0.94
365,Ismaël Bennacer Milan 2019,2019,Serie A,Milan,Defensive Midfield,ALG,1997,31,80,3.01,2.36,3.22,3.27,2.81,2.2,1.75,3.44,2.62,2.51,1.94,4.87,3.75,3.33,3.12,3.46,2.96,2.37,3.41,2.93,1.93
366,Marcelo Brozović Inter 2019,2019,Serie A,Inter,Defensive Midfield,CRO,1992,32,84,3.23,3.6,3.12,3.72,2.45,3.56,4.72,2.42,3.33,3.47,2.99,2.38,3.7,3.88,3.3,3.74,3.51,2.04,2.6,2.47,2.55
367,Gastón Brugman Parma 2019,2019,Serie A,Parma,Defensive Midfield,URU,1992,23,63,2.03,1.72,2.02,1.69,2.65,1.54,1.57,2.11,2.11,2.33,1.67,2.14,1.89,1.37,2.3,1.97,1.78,2.19,3.31,2.49,2.42
368,Luca Cigarini Cagliari 2019,2019,Serie A,Cagliari,Defensive Midfield,ITA,1986,22,73,2.83,1.88,3.16,3.32,2.34,1.78,1.64,2,2.43,4.5,3.07,2.25,2.52,3.53,2.23,3.7,2.9,1.88,2.36,2.84,1.5
369,Diego Demme Napoli 2019,2019,Serie A,Napoli,Defensive Midfield,GER,1991,15,60,2.9,2.96,2.43,4.01,1.64,2.74,1.91,4.62,3.41,2.2,2.07,1.77,3.99,4.39,3.84,3.33,3.99,1.8,2.5,1.29,0.93
370,Amadou Diawara Roma 2019,2019,Serie A,Roma,Defensive Midfield,GUI,1997,22,69,2.48,2.02,2.37,2.8,2.31,2.07,2.07,2,1.8,2.34,1.53,2.41,3.4,2.78,3.27,2.58,2.83,1.86,2.96,1.89,2.78
371,Albin Ekdal Sampdoria 2019,2019,Serie A,Sampdoria,Defensive Midfield,SWE,1989,32,75,2.28,2.31,2.37,1.92,2.7,2.57,2.3,1.54,2.43,2.41,1.7,2.67,2.74,1.57,2.83,2.18,1.97,2.56,2.75,2.73,2.65
372,Gabriel Lecce 2019,2019,Serie A,Lecce,Defensive Midfield,BRA,1992,34,88,0.66,1.35,0.72,0.66,0.31,1.3,1.09,2.22,0.85,0.75,1.33,0.45,0.27,0.28,2.98,0.02,1.11,-0.59,-1.11,-0.18,4.78
373,Mato Jajalo Udinese 2019,2019,Serie A,Udinese,Defensive Midfield,BIH,1988,26,63,2.51,2.16,2.93,2.38,2.57,1.66,2.82,2,2.95,2.18,2.91,3.68,3.08,2.52,1.96,2.13,2.61,2.48,2.51,2.92,1.86
374,Lucas Leiva Lazio 2019,2019,Serie A,Lazio,Defensive Midfield,BRA,1987,25,72,2.61,1.98,2.12,2.72,3.09,2.03,2.1,1.88,1.77,2.52,1.88,1.75,2.3,2.61,3.23,2.8,2.58,3.44,3.43,3.52,1.1
375,Manuel Locatelli Sassuolo 2019,2019,Serie A,Sassuolo,Defensive Midfield,ITA,1998,33,78,3.26,2.47,3.64,3.89,2.47,2.32,2.85,1.54,3.54,3.94,2.88,3.9,3.83,4.18,2.92,3.67,4.03,2.52,3.3,1.88,2.52
376,Francesco Magnanelli Sassuolo 2019,2019,Serie A,Sassuolo,Defensive Midfield,ITA,1984,22,64,2.8,1.88,2.12,3.62,2.54,1.96,1.63,1.88,2,1.85,1.74,2.31,2.71,4.19,3.45,2.68,3.46,2.41,1.84,3.03,2.56
377,Rolando Mandragora Udinese 2019,2019,Serie A,Udinese,Defensive Midfield,ITA,1997,26,79,2.33,3.44,2.74,1.72,2.4,3.74,4.93,0.29,3.88,3.56,3.62,2.06,1.33,1.44,1.74,1.94,2.15,2.43,2.77,2.01,2.74
378,Gary Medel Bologna 2019,2019,Serie A,Bologna,Defensive Midfield,CHI,1987,23,78,2.28,1.86,1.93,2.46,2.47,2.03,1.58,2,1.56,1.84,1.5,2.29,2.13,2.48,3.62,2.04,2.25,2.83,2.08,2.97,1.49
379,Simone Missiroli SPAL 2019,2019,Serie A,SPAL,Defensive Midfield,ITA,1986,34,82,2.16,2.42,1.99,1.99,2.41,2.51,2.04,2.63,2.47,1.69,1.69,2.54,2.11,1.79,2.45,2.08,2.12,3.13,0.95,2.63,3.57
380,Jacopo Petriccione Lecce 2019,2019,Serie A,Lecce,Defensive Midfield,ITA,1995,31,69,2.5,2.12,3.52,2.59,1.82,1.72,2.49,2,3.03,3.86,4.89,2.31,2.89,2.29,2.83,2.92,2.8,1.3,1.71,1.71,2.79
381,Erick Pulgar Fiorentina 2019,2019,Serie A,Fiorentina,Defensive Midfield,CHI,1994,37,80,2.58,2.78,3.16,2.25,2.54,3.38,2.39,1.77,2.63,4.69,4.07,1.78,1.61,2.25,2.3,2.35,2.05,2.27,2.48,2.66,2.6
382,Tomás Rincón Torino 2019,2019,Serie A,Torino,Defensive Midfield,VEN,1988,32,84,2.16,2.38,2.67,1.73,2.31,2.14,2.38,2.52,3.03,2.3,2.91,3.21,2.24,1.5,2.03,1.82,2.03,3.36,1.88,2.38,1.79
383,Marten de Roon Atalanta 2019,2019,Serie A,Atalanta,Defensive Midfield,NED,1991,35,78,2.9,2.78,2.5,3.27,2.7,2.79,2.78,2.8,2.71,2.76,2.26,1.83,3.24,3.43,2.97,3.18,3.14,2.89,3.1,2.66,1.94
384,Lasse Schöne Genoa 2019,2019,Serie A,Genoa,Defensive Midfield,DEN,1986,32,76,2.78,3.1,3.27,2.78,2.27,3.09,3.53,2.48,3.22,3.22,3.36,3.51,2.94,2.89,2.48,2.6,2.92,2.2,2.1,2.09,3.09
385,Matteo Scozzarella Parma 2019,2019,Serie A,Parma,Defensive Midfield,ITA,1988,16,58,2.31,1.74,2.99,1.93,2.65,1.6,1.64,2.11,1.91,3.31,4.15,2.42,1.82,1.85,1.97,2.1,1.9,1.41,1.77,3.57,2.99
386,Panagiotis Tachtsidis Lecce 2019,2019,Serie A,Lecce,Defensive Midfield,GRE,1991,28,72,2.6,2.09,2.84,2.51,2.78,1.84,2.78,1.88,2.08,2.59,3.02,2.94,2.85,2.3,1.41,3.37,2.6,3.17,2.97,2.75,2.18
387,Sandro Tonali Brescia 2019,2019,Serie A,Brescia,Defensive Midfield,ITA,2000,35,86,2.25,2.28,3.42,1.81,2.03,2.08,2.37,2.46,2.61,4.09,4.06,3.1,2.11,1.71,0.27,2.68,1.89,1.49,1.76,2.01,3.05
388,Mirko Valdifiori SPAL 2019,2019,Serie A,SPAL,Defensive Midfield,ITA,1986,22,64,2.5,1.73,3.08,2.72,2.13,1.54,1.71,2.11,1.98,4,4.11,1.89,1.99,2.62,2.4,3.37,2.31,2.2,2.06,1.75,3.14
389,Miguel Veloso Hellas Verona 2019,2019,Serie A,Hellas Verona,Defensive Midfield,POR,1986,34,83,2.78,3.07,3.59,2.26,2.83,3.09,3.01,3.18,2.95,4.05,5.06,2.31,2.76,2.28,1.23,2.92,1.93,3.02,2.42,2.8,3.36
390,Walace Udinese 2019,2019,Serie A,Udinese,Defensive Midfield,BRA,1995,20,57,2.55,2.48,2.4,2.48,2.8,2.68,2.99,1.43,2.21,1.94,1.6,3.11,3.15,2.43,3.52,1.98,2.63,2.47,2.77,3.11,2.4
391,Lucien Agoume Spezia 2020,2020,Serie A,Spezia,Defensive Midfield,FRA,2002,12,67,2.26,1.56,1.57,2.49,2.74,1.42,1.15,2.22,1.92,1.2,1.33,1.92,1.95,2.52,3.54,2.08,2.33,2.54,2.12,3.29,2.6
392,Sofyan Amrabat Fiorentina 2020,2020,Serie A,Fiorentina,Defensive Midfield,MAR,1996,31,79,2.25,1.83,2.52,2.36,2.11,1.73,1.66,2.11,2.12,1.59,2.15,3.59,2.95,2.18,3.18,2.19,2.54,2.17,2.59,1.77,2.13
393,Milan Badelj Genoa 2020,2020,Serie A,Genoa,Defensive Midfield,CRO,1989,30,80,2.74,2.14,2.54,2.73,3.16,1.96,2,2.84,2.09,2.81,2.15,2.94,2.15,2.79,1.9,3.04,2.67,2.08,2.46,4.15,2.87
394,Tiemoué Bakayoko Napoli 2020,2020,Serie A,Napoli,Defensive Midfield,FRA,1994,32,61,2.5,2.8,2.04,2.53,2.65,2.85,2.51,3.49,2.2,1.92,1.41,2.86,1.96,2.55,3.54,1.74,2.91,3.58,3.54,1.89,2.19
395,Valon Behrami Genoa 2020,2020,Serie A,Genoa,Defensive Midfield,SUI,1985,26,34,1.12,2.18,1.31,0.03,2.05,2.39,2.04,1.77,2.19,1.19,1.76,1.62,0.54,-0.26,-0.03,0.82,-0.2,3.46,2.43,1.71,0.88
396,Ismaël Bennacer Milan 2020,2020,Serie A,Milan,Defensive Midfield,ALG,1997,21,63,2.94,2.12,3,3.27,2.8,2.26,2.17,1.66,2.12,1.92,2.26,4.2,3.94,3.44,3.06,3.09,3.22,2.76,2.96,2.66,2.93
397,Marcelo Brozović Inter 2020,2020,Serie A,Inter,Defensive Midfield,CRO,1992,33,78,3.31,2.83,3.14,4.21,2.39,2.85,2.79,2.83,2.84,3.81,3.14,1.83,3.84,4.44,3.28,4.47,3.8,2.5,2.34,2.27,2.67
398,Gastón Brugman Parma 2020,2020,Serie A,Parma,Defensive Midfield,URU,1992,26,62,2.73,2.9,2.89,2.77,2.47,2.85,3.72,2.39,2.29,3.28,2.81,2.63,2.76,2.89,2.17,2.85,2.71,1.69,2.51,2.79,2.38
399,Luca Cigarini Crotone 2020,2020,Serie A,Crotone,Defensive Midfield,ITA,1986,14,66,2.82,2.32,2.69,3.66,1.96,2.25,2.88,1.54,2.56,3.45,2.42,2.35,2.39,3.86,2.55,4.03,3.32,2.23,2.71,1.85,0.73
400,Diego Demme Napoli 2020,2020,Serie A,Napoli,Defensive Midfield,GER,1991,24,66,2.91,3.39,2.45,3.41,2.3,3.51,3.25,3.31,3.3,2.83,2.17,1.5,3.44,3.76,3.58,2.57,3.45,1.61,3.57,1.83,2.07
401,Albin Ekdal Sampdoria 2020,2020,Serie A,Sampdoria,Defensive Midfield,SWE,1989,32,72,2.11,2.57,1.88,1.5,2.91,2.5,2,3.81,2.2,1.6,1.54,2.7,1.67,1.38,2.25,1.39,1.51,2.95,3.31,2.96,2.07
402,Eduardo Henrique Crotone 2020,2020,Serie A,Crotone,Defensive Midfield,BRA,1995,18,51,1.83,3.59,1.9,1.35,1.66,4.24,3.18,3.27,2.48,1.4,1.51,2.8,1.96,1.08,2.03,1.42,1.57,3.07,0.61,1.55,2.27
403,Lucas Leiva Lazio 2020,2020,Serie A,Lazio,Defensive Midfield,BRA,1987,32,67,2.72,1.84,1.78,3.11,3.24,1.78,1.9,2,1.73,1.42,1.91,1.44,2.56,3.1,2.92,3.52,2.69,3.85,3.57,3.36,1.79
404,Manuel Locatelli Sassuolo 2020,2020,Serie A,Sassuolo,Defensive Midfield,ITA,1998,34,85,3.65,3.33,3.15,4.68,2.69,3.44,3.37,2.33,4.16,3.17,3.18,2.43,4,5.1,3.14,4.82,4.32,3.19,2.49,2.64,2.69
405,Rolando Mandragora Torino 2020,2020,Serie A,Torino,Defensive Midfield,ITA,1997,17,90,2.16,3.99,2.19,1.53,2.18,4.27,4.59,3.44,2.71,2.3,2.9,2.15,1.22,1.49,1.88,1.39,1.58,2.18,2.05,2.42,1.8
406,Jacopo Petriccione Crotone 2020,2020,Serie A,Crotone,Defensive Midfield,ITA,1995,20,48,1.78,1.7,1.6,2.01,1.63,1.6,1.58,2.11,1.75,2.08,1.92,0.54,1.84,1.83,2.14,2.23,2.11,1.9,1.83,1.34,1.75
407,Erick Pulgar Fiorentina 2020,2020,Serie A,Fiorentina,Defensive Midfield,CHI,1994,31,65,2.36,2.34,2.45,2.06,2.75,2.38,2.22,2.8,1.83,2.49,3.48,2.17,1.52,2.11,2.22,1.87,2.05,2.72,2.49,2.83,3.05
408,Matteo Ricci Spezia 2020,2020,Serie A,Spezia,Defensive Midfield,ITA,1994,29,77,2.69,2.14,2.12,3.36,2.39,2.02,2.48,1.77,2.46,2.34,1.99,1.77,2.4,3.41,2.67,3.84,3.02,2.28,2.12,2.27,3.24
409,Tomás Rincón Torino 2020,2020,Serie A,Torino,Defensive Midfield,VEN,1988,36,79,2.05,2.47,2.18,1.69,2.26,2.5,2.35,2.33,2.72,1.83,2.43,2.72,1.7,1.51,2.38,1.7,1.71,2.98,2.86,1.98,1.3
410,Marten de Roon Atalanta 2020,2020,Serie A,Atalanta,Defensive Midfield,NED,1991,35,86,2.88,2.14,2.28,3.15,3.26,1.96,1.78,2.8,2.57,2.34,2.1,1.89,2.91,3.19,2.97,3.41,2.81,3.53,3.56,3.36,2.21
411,Nicolò Rovella Genoa 2020,2020,Serie A,Genoa,Defensive Midfield,ITA,2001,20,59,2.62,2.22,2.96,2.76,2.38,2.26,2.44,1.66,2.41,3.15,3.26,2.34,3.12,3.06,2.73,2.2,2.74,1.61,2.08,2.73,2.75
412,Pasquale Schiattarella Benevento 2020,2020,Serie A,Benevento,Defensive Midfield,ITA,1987,29,77,2.41,2.54,2.28,2.49,2.33,2.75,2.49,2.68,1.75,2.73,1.82,2.13,2.4,2.39,1.89,3.1,2.32,1.95,2.58,2.41,2.08
413,Léo Sena Spezia 2020,2020,Serie A,Spezia,Defensive Midfield,BRA,1995,16,55,3,1.76,3.53,3.27,2.81,1.67,1.27,2.11,2.47,1.61,2.6,4.64,6.01,3.03,3.13,4.06,2.94,2.12,2.88,2.51,4.1
414,Simon Sohm Parma 2020,2020,Serie A,Parma,Defensive Midfield,SUI,2001,18,50,2.01,3.76,1.94,1.66,1.75,4.74,3.12,3.46,1.88,1.63,1.69,2.66,1.79,1.48,2.46,1.49,1.88,2.53,1.16,1.03,3.78
415,Adrien Tameze Hellas Verona 2020,2020,Serie A,Hellas Verona,Defensive Midfield,CMR,1994,33,70,2.25,2.72,2.48,1.43,3.06,2.98,2.56,2.35,2.52,1.95,2.55,3.46,1.9,1.21,1.38,1.82,1.51,3.72,2.75,2.98,3.13
416,Sandro Tonali Milan 2020,2020,Serie A,Milan,Defensive Midfield,ITA,2000,25,53,2.23,2.1,2.37,2.17,2.29,1.96,2.29,1.88,2.51,2.57,2.68,1.82,2.39,2.17,1.88,2.19,2.31,1.59,1.7,2.67,3.03
417,Miguel Veloso Hellas Verona 2020,2020,Serie A,Hellas Verona,Defensive Midfield,POR,1986,21,63,2.56,2.3,2.64,2.33,2.97,2.55,1.98,2,2.38,2.26,3.23,2.58,2.53,2.53,1.12,2.5,2.3,3.26,1.97,3.37,3.32
418,Walace Udinese 2020,2020,Serie A,Udinese,Defensive Midfield,BRA,1995,30,69,2.32,1.99,2.1,2.22,2.76,1.9,2.25,1.88,1.99,1.51,1.73,3.05,2.19,2.22,3.33,1.63,2.34,1.89,3.21,2.64,3.21
419,Sofyan Amrabat Fiorentina 2021,2021,Serie A,Fiorentina,Defensive Midfield,MAR,1996,23,41,2.8,2.68,2.29,3.29,2.52,2.43,2.39,4.12,2.18,1.82,1.8,2.58,3.18,3.53,3.69,2.77,3.09,2.78,3.52,2.35,1.04
420,Kristjan Asllani Empoli 2021,2021,Serie A,Empoli,Defensive Midfield,ALB,2002,23,59,2.25,2.74,2.22,2.07,2.3,2.61,3.31,2.66,2.32,2.18,2.92,1.62,2.15,1.99,2.32,1.87,2.4,1.53,1.56,2.4,4
421,Milan Badelj Genoa 2021,2021,Serie A,Genoa,Defensive Midfield,CRO,1989,34,84,2.52,2.29,2.28,2.12,3.36,2.26,2.31,2.43,2.2,2.38,1.94,2.98,1.7,2.05,1.25,2.58,2.23,2.93,2.57,4.08,3.3
422,Ismaël Bennacer Milan 2021,2021,Serie A,Milan,Defensive Midfield,ALG,1997,31,49,3.29,3.11,3.75,3.3,3.04,2.91,3.12,3.68,3.05,3.19,3.03,4.74,4.21,3.3,2.99,3.68,2.99,2.66,3.93,2.92,2.27
423,Marcelo Brozović Inter 2021,2021,Serie A,Inter,Defensive Midfield,CRO,1992,35,84,3.24,2.72,2.77,4.13,2.54,2.37,3.16,2.75,3.11,2.75,2.36,1.99,4.27,4.53,3.89,3.7,3.77,1.98,2.52,2.59,3
424,Francesco Di Tacchio Salernitana 2021,2021,Serie A,Salernitana,Defensive Midfield,ITA,1990,18,70,1.8,1.85,1.45,1.42,2.57,1.84,1.96,1.88,1.69,1.17,1.73,1.68,1.21,1.09,1.78,1.84,1.53,2.92,1.55,3.15,2.46
425,Albin Ekdal Sampdoria 2021,2021,Serie A,Sampdoria,Defensive Midfield,SWE,1989,26,63,1.96,2.44,1.66,1.43,2.71,2.38,2.16,3.1,2.33,1.4,1.42,2.47,1.36,1.18,1.54,1.61,1.77,2.94,2.82,3.11,1.26
426,Pablo Galdames Millán Genoa 2021,2021,Serie A,Genoa,Defensive Midfield,CHI,1996,19,54,1.95,2.21,2.58,1.19,2.48,1.96,2.72,1.77,2.75,2.7,4.07,2.15,1.14,1.1,0.23,1.71,1.34,2.48,2.94,2.09,2.69
427,Teun Koopmeiners Atalanta 2021,2021,Serie A,Atalanta,Defensive Midfield,NED,1998,30,71,3.06,3.91,3.61,2.99,2.37,3.86,3.8,3.92,4.26,4.26,4.03,2.96,3.01,3.03,1.72,3.35,3.18,2.71,2.37,2.01,2.95
428,Lucas Leiva Lazio 2021,2021,Serie A,Lazio,Defensive Midfield,BRA,1987,35,48,2.42,1.59,1.5,3.03,2.6,1.6,1.26,2.11,1.43,1.45,1.64,1.41,1.51,3.4,4.03,1.99,2.8,2.95,2.75,2.71,1.72
429,Stanislav Lobotka Napoli 2021,2021,Serie A,Napoli,Defensive Midfield,SVK,1994,23,73,2.99,2.35,2.34,3.78,2.63,1.9,1.41,5.07,2.05,2.08,1.41,2.32,3.86,4.33,4.18,2.49,3.79,2.08,3.49,1.78,3.9
430,Manuel Locatelli Juventus 2021,2021,Serie A,Juventus,Defensive Midfield,ITA,1998,31,70,2.76,3.47,2.3,2.91,2.53,3.75,2.88,3.97,2.86,2.77,1.92,2.35,2.05,2.88,2.69,3.06,2.94,2.9,2.14,2.55,2.79
431,Rolando Mandragora Torino 2021,2021,Serie A,Torino,Defensive Midfield,ITA,1997,21,63,2.34,2.82,2.67,2.25,2.02,2.55,3.64,1.31,4.27,4,2.89,1.64,1.83,2.19,2.31,2.43,2.11,3.16,1.54,2.09,1.52
432,Gary Medel Bologna 2021,2021,Serie A,Bologna,Defensive Midfield,CHI,1987,33,86,2.13,1.83,1.52,2.15,2.67,2.29,1.24,2.11,0.92,0.92,1.53,1.82,2,2.27,3.83,0.97,2.36,2.68,1.59,3.26,2.93
433,Tomás Rincón Sampdoria 2021,2021,Serie A,Sampdoria,Defensive Midfield,VEN,1988,17,69,1.96,1.91,1.9,1.87,2.17,1.85,1.52,2.11,2.48,1.48,1.73,2.48,1.96,1.67,2.5,1.69,2.24,2.64,2.16,1.88,2.44
434,Marten de Roon Atalanta 2021,2021,Serie A,Atalanta,Defensive Midfield,NED,1991,30,85,2.65,3.01,1.56,2.73,3.12,3.09,2.66,3.72,2.44,1.56,1.33,1.2,2.3,2.79,2.8,2.69,2.54,3.41,3,3.37,2.38
435,Nicolò Rovella Genoa 2021,2021,Serie A,Genoa,Defensive Midfield,ITA,2001,21,70,2.72,2.39,3.62,2.4,2.71,2.32,2.95,1.54,2.79,3.96,4.37,3.07,2.92,2.71,2.15,2.03,2.22,2.03,3.27,2.62,2.67
436,Leo Štulac Empoli 2021,2021,Serie A,Empoli,Defensive Midfield,SVN,1994,23,36,2.42,3.3,2.5,2.19,2.26,3.2,2.77,5.48,1.86,2.69,3.31,2.05,1.78,2.18,1.79,2.15,2.54,2.42,2.42,1.37,4.1
437,Adrien Tameze Hellas Verona 2021,2021,Serie A,Hellas Verona,Defensive Midfield,CMR,1994,38,68,2.63,3.29,2.74,1.85,3.35,3.09,2.73,4.23,3.78,2.45,3.12,3.13,2.21,1.65,1.4,2.21,2.16,3.94,2.69,3.48,3.53
438,Sandro Tonali Milan 2021,2021,Serie A,Milan,Defensive Midfield,ITA,2000,36,72,2.68,4.24,3.18,2.16,2.35,4.75,4.63,3.22,3.12,3.29,3.74,3,2.56,2.11,2.21,2.24,2.15,1.87,2.76,2.2,2.53
439,Lucas Torreira Fiorentina 2021,2021,Serie A,Fiorentina,Defensive Midfield,URU,1996,31,71,2.69,4.84,1.94,2.63,2.29,5.66,5.48,3.26,2.93,2.63,1.75,1.46,1.82,2.56,3.02,2.59,2.65,2.98,2.37,1.99,2.22
440,Antonio Vacca Venezia 2021,2021,Serie A,Venezia,Defensive Midfield,ITA,1990,21,51,2.42,1.48,1.98,2.56,2.96,1.36,1.11,2.22,1.6,1.44,1.46,2.61,2.6,2.75,2.87,2.14,2.39,2.08,3.07,3.56,2.11
441,Miguel Veloso Hellas Verona 2021,2021,Serie A,Hellas Verona,Defensive Midfield,POR,1986,22,61,2.78,2.32,3.38,2.72,2.64,2.02,2.78,1.77,3.26,3.78,5.16,1.78,2.63,2.92,1.32,3.18,2.44,3.85,1.61,2.96,2.35
442,Walace Udinese 2021,2021,Serie A,Udinese,Defensive Midfield,BRA,1995,36,83,2.42,2.33,2.3,2.08,3.03,2.13,3.04,2.25,1.94,2.26,1.85,2.51,2.62,2.04,2.16,2.15,2.07,2.26,3.51,3.1,2.84
443,Andre-Frank Zambo Anguissa Napoli 2021,2021,Serie A,Napoli,Defensive Midfield,CMR,1995,25,77,2.76,2.58,2.91,2.82,2.64,2.26,2.43,1.66,5.04,2.88,2.12,3.63,3.05,2.71,3.39,2.53,3.18,2.8,3.31,2.16,2.58
