,player_details,player_name,season,league,team_id,position,primary_position,nationality,dob,age,apps,mins,total_mins,rating,scoring,creating,passing,defending,goals,shots,conversion,positioning,assists,crossing,dribbling,carries,involvement,accuracy,intent,receiving,aerial,on_ball,off_ball,fouls
0,Tyler Adams RB Leipzig 2019,Tyler Adams,2019,Bundesliga,RB Leipzig,DM,Defensive Midfield,USA,1999,23,14,68,952,2.6,2.07,2.62,3.06,2.18,1.98,2.02,1.56,3.08,2.4,3.2,2.08,2.87,3.4,2.82,2.37,3.25,1.87,2.1,1.69,3.87
1,Daniel Baier Augsburg 2019,Daniel Baier,2019,Bundesliga,Augsburg,DM,Defensive Midfield,GER,1984,38,23,84,1932,2.01,2.06,2.0,1.82,2.25,1.86,1.81,3.01,1.99,2.1,2.05,2.12,1.63,1.76,1.63,1.95,1.95,2.19,0.81,3.19,2.29
2,Julian Baumgartlinger Leverkusen 2019,Julian Baumgartlinger,2019,Bundesliga,Leverkusen,DM,Defensive Midfield,AUT,1988,34,27,66,1782,2.63,3.09,2.32,2.88,2.27,3.33,3.09,2.97,2.39,2.82,2.05,2.21,2.07,2.89,3.73,2.46,2.89,1.89,3.09,1.82,2.43
3,Lars Bender Leverkusen 2019,Lars Bender,2019,Bundesliga,Leverkusen,DM,Defensive Midfield,GER,1989,33,18,76,1368,3.18,3.07,3.21,3.43,2.85,2.72,2.33,4.48,3.73,2.96,3.74,2.63,3.62,3.68,2.92,3.34,3.17,2.8,3.46,2.44,2.93
4,Sven Bender Leverkusen 2019,Sven Bender,2019,Bundesliga,Leverkusen,DM,Defensive Midfield,GER,1989,33,33,83,2739,3.1,2.4,2.04,3.73,3.25,2.42,2.11,3.16,1.88,1.47,1.68,1.92,3.4,4.55,4.09,1.9,3.8,3.68,2.51,3.44,3.59
5,Adam Bodzek Düsseldorf 2019,Adam Bodzek,2019,Bundesliga,Düsseldorf,DM,Defensive Midfield,GER,1985,37,28,72,2016,1.73,1.93,1.58,1.5,2.08,2.0,2.09,1.68,1.76,1.71,1.89,1.5,1.11,1.2,2.34,1.67,1.57,2.23,2.25,2.0,1.89
6,Emre Can Dortmund 2019,Emre Can,2019,Bundesliga,Dortmund,DM,Defensive Midfield,GER,1994,28,12,80,960,3.01,3.55,2.88,3.38,2.32,3.41,3.51,4.22,3.25,2.05,2.25,3.73,3.75,3.67,3.56,2.48,3.69,2.31,2.84,1.98,2.35
7,Diego Demme RB Leipzig 2019,Diego Demme,2019,Bundesliga,RB Leipzig,DM,Defensive Midfield,GER,1991,31,17,71,1207,3.15,2.27,3.05,4.02,2.39,2.18,1.98,1.68,3.81,3.08,2.39,2.76,4.15,4.3,3.13,4.04,3.82,1.57,3.4,1.97,2.56
8,Klaus Gjasula Paderborn 07 2019,Klaus Gjasula,2019,Bundesliga,Paderborn 07,DM,Defensive Midfield,ALB,1989,33,29,79,2291,2.39,2.57,2.53,2.24,2.42,2.53,2.19,3.5,2.2,2.93,1.92,3.1,2.02,2.06,1.64,2.79,2.34,2.94,3.0,2.48,0.77
9,Florian Grillitsch Hoffenheim 2019,Florian Grillitsch,2019,Bundesliga,Hoffenheim,DM,Defensive Midfield,AUT,1995,27,31,78,2418,2.87,1.92,2.94,3.34,2.59,1.98,1.87,1.56,2.23,3.03,2.31,2.75,3.82,3.45,3.52,3.08,3.27,2.14,2.3,2.64,3.38
10,Christian Groß Werder Bremen 2019,Christian Groß,2019,Bundesliga,Werder Bremen,DM,Defensive Midfield,GER,1989,33,14,62,868,2.22,1.7,2.53,2.34,2.07,1.83,1.45,1.81,1.57,1.73,2.27,2.7,3.76,2.28,3.69,1.65,2.61,1.81,1.57,2.21,2.78
11,Marko Grujić Hertha BSC 2019,Marko Grujić,2019,Bundesliga,Hertha BSC,DM,Defensive Midfield,SRB,1996,26,29,83,2407,2.36,3.93,2.36,2.04,2.1,4.44,4.65,2.59,2.62,2.13,1.94,3.18,2.16,1.79,2.05,2.42,2.16,3.45,2.1,1.93,1.22
12,Josuha Guilavogui Wolfsburg 2019,Josuha Guilavogui,2019,Bundesliga,Wolfsburg,DM,Defensive Midfield,FRA,1990,32,25,82,2050,2.22,2.06,2.12,2.1,2.53,2.02,2.69,1.44,1.94,2.14,1.87,2.7,1.71,1.94,2.16,2.37,2.15,2.97,2.04,3.18,1.24
13,Makoto Hasebe Eint Frankfurt 2019,Makoto Hasebe,2019,Bundesliga,Eint Frankfurt,DM,Defensive Midfield,JPN,1984,38,23,86,1978,2.69,1.36,2.44,3.12,2.87,1.21,1.14,2.06,1.4,2.1,1.72,1.93,4.44,3.21,3.48,2.97,2.87,2.15,2.15,3.23,3.88
14,Jonas Hector Köln 2019,Jonas Hector,2019,Bundesliga,Köln,DM,Defensive Midfield,GER,1990,32,29,84,2436,2.61,3.2,2.63,2.33,2.73,2.99,3.02,4.06,3.1,3.09,3.29,1.84,2.14,2.18,1.97,2.71,2.47,3.08,3.24,2.27,2.73
15,Nicolas Höfler Freiburg 2019,Nicolas Höfler,2019,Bundesliga,Freiburg,DM,Defensive Midfield,GER,1990,32,32,87,2784,2.43,2.49,2.39,2.36,2.51,2.79,2.55,1.9,2.12,2.05,1.91,3.12,2.56,2.23,2.52,2.5,2.45,2.63,1.72,3.22,1.93
16,Stefan Ilsanker Eint Frankfurt 2019,Stefan Ilsanker,2019,Bundesliga,Eint Frankfurt,DM,Defensive Midfield,AUT,1989,33,12,70,840,2.73,3.89,2.16,2.63,2.73,4.2,3.07,5.48,2.2,2.51,2.11,1.56,2.49,2.87,2.1,2.35,2.72,3.1,2.93,2.75,1.96
17,Rani Khedira Augsburg 2019,Rani Khedira,2019,Bundesliga,Augsburg,DM,Defensive Midfield,GER,1994,28,32,83,2656,1.6,1.72,1.75,1.13,2.1,1.77,1.46,1.81,1.89,1.98,2.06,1.65,1.16,1.06,0.65,1.24,1.48,2.56,1.55,2.1,2.57
18,Joshua Kimmich Bayern Munich 2019,Joshua Kimmich,2019,Bundesliga,Bayern Munich,DM,Defensive Midfield,GER,1995,27,33,85,2805,3.81,3.08,4.64,4.78,2.19,2.62,3.0,3.93,3.77,5.57,5.5,2.68,4.71,4.99,3.19,5.55,4.18,1.76,2.28,1.85,3.3
19,Christoph Kramer M'Gladbach 2019,Christoph Kramer,2019,Bundesliga,M'Gladbach,DM,Defensive Midfield,GER,1991,31,22,67,1474,2.48,1.74,2.5,2.71,2.49,1.65,1.52,1.81,2.29,2.08,2.41,3.09,2.45,2.85,2.79,2.38,2.73,2.36,3.33,2.13,2.1
20,Omar Mascarell Schalke 04 2019,Omar Mascarell,2019,Bundesliga,Schalke 04,DM,Defensive Midfield,ESP,1993,29,23,88,2024,2.58,1.72,2.13,2.71,3.12,1.65,1.73,1.81,1.85,1.95,2.0,2.11,2.54,2.83,3.16,2.32,2.62,2.99,2.85,3.32,3.22
21,Sebastian Rudy Hoffenheim 2019,Sebastian Rudy,2019,Bundesliga,Hoffenheim,DM,Defensive Midfield,GER,1990,32,32,85,2720,2.43,2.31,3.09,2.56,1.83,2.08,2.65,2.17,2.73,4.09,3.7,2.1,2.19,2.36,1.97,3.12,2.7,1.69,2.03,1.34,2.87
22,Nuri Şahin Werder Bremen 2019,Nuri Şahin,2019,Bundesliga,Werder Bremen,DM,Defensive Midfield,TUR,1988,34,16,78,1248,2.61,1.8,3.5,2.63,2.33,1.7,1.88,1.68,2.18,4.72,4.05,2.56,2.29,2.69,1.82,3.06,2.42,2.21,2.93,2.58,0.8
23,Diadie Samassékou Hoffenheim 2019,Diadie Samassékou,2019,Bundesliga,Hoffenheim,DM,Defensive Midfield,MLI,1996,26,21,62,1302,2.13,1.73,2.26,1.9,2.54,1.49,1.77,1.93,2.21,2.16,2.12,2.9,1.76,1.76,2.26,1.83,2.14,2.07,2.81,2.54,2.56
24,Ellyes Skhiri Köln 2019,Ellyes Skhiri,2019,Bundesliga,Köln,DM,Defensive Midfield,TUN,1995,27,32,84,2688,2.55,2.4,2.58,2.37,2.84,2.47,2.52,2.01,2.44,2.71,2.08,3.06,2.41,2.21,2.71,2.5,2.4,2.25,3.05,2.83,3.13
25,Julian Weigl Dortmund 2019,Julian Weigl,2019,Bundesliga,Dortmund,DM,Defensive Midfield,GER,1995,27,13,78,1014,2.69,2.51,2.3,3.51,1.88,2.18,2.41,3.48,2.59,1.88,1.64,2.18,3.83,3.89,3.98,2.47,3.59,2.12,1.77,1.46,2.9
26,Axel Witsel Dortmund 2019,Axel Witsel,2019,Bundesliga,Dortmund,DM,Defensive Midfield,BEL,1989,33,28,80,2240,2.91,3.46,2.82,3.6,1.72,3.47,3.24,3.95,3.14,2.72,2.29,2.82,3.62,3.86,4.38,2.65,3.73,1.93,1.59,1.36,2.65
27,Denis Zakaria M'Gladbach 2019,Denis Zakaria,2019,Bundesliga,M'Gladbach,DM,Defensive Midfield,SUI,1996,26,23,85,1955,2.51,2.77,2.97,2.21,2.5,2.77,2.86,3.0,2.35,2.28,1.73,4.96,2.98,1.89,3.09,2.4,2.24,2.13,3.24,2.02,2.83
28,Tyler Adams RB Leipzig 2020,Tyler Adams,2020,Bundesliga,RB Leipzig,DM,Defensive Midfield,USA,1999,23,27,69,1863,2.83,2.63,2.76,3.22,2.43,2.67,2.22,2.75,3.01,2.33,2.67,2.83,3.37,3.46,2.92,2.93,3.16,2.09,2.48,2.35,2.86
29,Julian Baumgartlinger Leverkusen 2020,Julian Baumgartlinger,2020,Bundesliga,Leverkusen,DM,Defensive Midfield,AUT,1988,34,17,63,1071,2.9,3.93,2.26,2.83,2.97,4.49,3.62,4.09,2.28,2.47,2.0,2.54,1.91,2.78,3.19,2.94,2.61,2.68,4.06,2.19,3.44
30,Lars Bender Leverkusen 2020,Lars Bender,2020,Bundesliga,Leverkusen,DM,Defensive Midfield,GER,1989,33,14,67,938,2.79,2.22,2.8,3.34,2.27,2.56,1.94,1.44,2.55,2.74,3.23,2.34,2.92,3.51,2.6,3.45,3.17,2.31,1.77,2.33,2.91
31,Sven Bender Leverkusen 2020,Sven Bender,2020,Bundesliga,Leverkusen,DM,Defensive Midfield,GER,1989,33,18,65,1170,2.78,1.64,2.02,3.6,2.66,1.61,1.53,1.93,1.58,1.89,2.27,0.93,3.25,4.17,3.86,2.31,3.66,3.32,1.52,2.84,3.45
32,Emre Can Dortmund 2020,Emre Can,2020,Bundesliga,Dortmund,DM,Defensive Midfield,GER,1994,28,28,76,2128,3.19,2.23,3.38,3.77,2.67,2.03,2.14,2.62,2.56,2.85,2.52,3.91,4.51,4.1,3.23,3.48,3.63,2.7,2.71,2.61,2.7
33,Thomas Delaney Dortmund 2020,Thomas Delaney,2020,Bundesliga,Dortmund,DM,Defensive Midfield,DEN,1991,31,20,64,1280,2.54,2.43,2.05,2.72,2.68,2.19,2.21,3.3,2.55,1.93,2.75,1.45,2.09,2.9,2.67,2.26,2.87,2.68,3.86,2.64,0.84
34,Wataru Endo Stuttgart 2020,Wataru Endo,2020,Bundesliga,Stuttgart,DM,Defensive Midfield,JPN,1993,29,33,90,2970,2.8,2.9,2.62,2.84,2.84,2.89,3.35,2.86,2.22,2.83,1.95,2.77,2.98,2.72,2.65,3.18,2.82,2.7,3.33,2.6,2.74
35,Sebastian Griesbeck Union Berlin 2020,Sebastian Griesbeck,2020,Bundesliga,Union Berlin,DM,Defensive Midfield,GER,1990,32,24,37,888,1.37,2.03,1.41,0.77,1.89,2.28,1.98,1.56,1.87,1.46,2.36,0.88,0.86,0.65,0.94,1.19,0.42,3.15,2.2,1.03,2.28
36,Florian Grillitsch Hoffenheim 2020,Florian Grillitsch,2020,Bundesliga,Hoffenheim,DM,Defensive Midfield,AUT,1995,27,26,72,1872,3.13,3.26,3.04,3.57,2.52,3.37,3.74,2.59,2.92,2.8,2.68,2.86,4.02,3.52,2.98,4.18,3.25,2.39,1.79,3.39,1.65
37,Christian Groß Werder Bremen 2020,Christian Groß,2020,Bundesliga,Werder Bremen,DM,Defensive Midfield,GER,1989,33,23,64,1472,2.28,1.73,2.15,2.45,2.39,1.77,1.65,1.81,1.61,1.98,1.8,2.16,2.78,2.57,3.05,1.85,2.55,1.91,3.35,2.49,1.04
38,Carlos Gruezo Augsburg 2020,Carlos Gruezo,2020,Bundesliga,Augsburg,DM,Defensive Midfield,ECU,1995,27,28,74,2072,1.83,1.54,1.78,1.56,2.37,1.43,1.43,1.93,1.58,1.93,1.71,2.02,1.36,1.38,2.08,1.67,1.56,1.03,3.16,2.23,2.72
39,Makoto Hasebe Eint Frankfurt 2020,Makoto Hasebe,2020,Bundesliga,Eint Frankfurt,DM,Defensive Midfield,JPN,1984,38,29,79,2291,2.71,1.73,2.26,3.35,2.59,1.85,1.38,1.93,1.61,1.98,2.02,1.52,3.86,3.39,3.46,3.36,3.14,2.42,2.3,2.56,3.3
40,Jonas Hector Köln 2020,Jonas Hector,2020,Bundesliga,Köln,DM,Defensive Midfield,GER,1990,32,19,68,1292,2.51,4.86,2.5,1.88,2.33,5.59,5.95,2.42,3.63,3.45,2.7,1.77,1.81,1.71,1.33,2.24,2.19,3.87,1.8,1.74,3.19
41,Nicolas Höfler Freiburg 2020,Nicolas Höfler,2020,Bundesliga,Freiburg,DM,Defensive Midfield,GER,1990,32,31,88,2728,2.35,2.39,2.67,2.25,2.26,2.36,2.6,2.1,2.51,2.48,2.37,3.54,2.21,2.12,2.67,2.33,2.22,2.9,1.9,2.56,1.45
42,Stefan Ilsanker Eint Frankfurt 2020,Stefan Ilsanker,2020,Bundesliga,Eint Frankfurt,DM,Defensive Midfield,AUT,1989,33,27,58,1566,2.42,2.61,2.02,2.34,2.71,2.79,2.78,2.44,1.94,1.7,1.99,2.33,2.11,2.39,2.2,2.33,2.34,2.82,2.17,3.21,2.23
43,Rani Khedira Augsburg 2020,Rani Khedira,2020,Bundesliga,Augsburg,DM,Defensive Midfield,GER,1994,28,27,67,1809,1.73,2.48,1.71,1.28,2.04,2.59,2.4,2.62,2.07,1.7,2.55,1.36,1.14,1.26,0.85,1.47,1.35,2.53,1.6,1.83,2.83
44,Joshua Kimmich Bayern Munich 2020,Joshua Kimmich,2020,Bundesliga,Bayern Munich,DM,Defensive Midfield,GER,1995,27,27,81,2187,3.93,3.76,4.66,4.76,2.32,3.52,4.27,3.44,4.14,6.22,4.5,2.75,5.04,4.74,2.92,6.26,3.93,1.44,2.22,2.32,3.35
45,Christoph Kramer M'Gladbach 2020,Christoph Kramer,2020,Bundesliga,M'Gladbach,DM,Defensive Midfield,GER,1991,31,28,73,2044,2.57,1.78,2.55,2.82,2.6,1.65,1.58,1.81,2.54,2.38,2.09,3.08,2.67,2.89,3.08,2.6,2.78,2.13,2.76,2.71,2.51
46,Fabian Kunze Arminia 2020,Fabian Kunze,2020,Bundesliga,Arminia,DM,Defensive Midfield,GER,1998,24,26,49,1274,2.08,1.96,2.15,1.83,2.43,2.04,1.92,1.56,2.29,1.96,2.01,2.84,1.73,1.73,1.58,2.04,1.98,3.18,2.32,2.8,0.92
47,Orel Mangala Stuttgart 2020,Orel Mangala,2020,Bundesliga,Stuttgart,DM,Defensive Midfield,BEL,1998,24,24,88,2112,2.37,2.63,3.49,2.25,1.64,2.34,3.06,2.07,3.63,2.9,2.43,5.73,2.85,2.04,2.74,2.24,2.53,1.06,0.88,1.92,2.77
48,Omar Mascarell Schalke 04 2020,Omar Mascarell,2020,Bundesliga,Schalke 04,DM,Defensive Midfield,ESP,1993,29,24,73,1752,2.22,2.07,2.06,2.12,2.54,1.86,1.92,3.2,1.64,1.83,2.09,2.49,1.8,2.05,2.55,2.04,2.14,2.46,2.18,2.79,2.59
49,Manuel Prietl Arminia 2020,Manuel Prietl,2020,Bundesliga,Arminia,DM,Defensive Midfield,AUT,1991,31,28,90,2520,1.96,2.01,2.05,1.53,2.47,1.87,2.03,2.57,1.77,2.04,1.94,2.52,1.62,1.43,1.87,1.47,1.67,2.18,3.04,2.03,2.96
50,Sebastian Rudy Hoffenheim 2020,Sebastian Rudy,2020,Bundesliga,Hoffenheim,DM,Defensive Midfield,GER,1990,32,25,67,1675,2.57,2.59,3.5,2.47,2.05,2.03,2.89,2.66,3.96,3.9,5.81,1.89,2.09,2.44,1.11,3.2,2.43,1.71,2.9,1.48,2.42
51,Diadie Samassékou Hoffenheim 2020,Diadie Samassékou,2020,Bundesliga,Hoffenheim,DM,Defensive Midfield,MLI,1996,26,31,83,2573,2.4,1.75,2.32,2.27,2.93,1.65,1.62,1.81,2.23,2.16,2.17,2.89,2.02,2.27,2.57,2.07,2.33,2.72,2.45,3.45,2.6
52,Baptiste Santamaria Freiburg 2020,Baptiste Santamaria,2020,Bundesliga,Freiburg,DM,Defensive Midfield,FRA,1995,27,30,74,2220,2.43,2.74,2.75,1.99,2.68,2.61,3.28,1.79,3.47,2.44,3.73,2.74,2.03,1.92,1.44,2.32,2.06,2.88,2.47,2.75,2.69
53,Ellyes Skhiri Köln 2020,Ellyes Skhiri,2020,Bundesliga,Köln,DM,Defensive Midfield,TUN,1995,27,32,87,2784,2.65,3.99,2.03,2.38,2.85,4.78,3.42,4.19,1.96,2.26,1.96,1.92,1.93,2.34,3.14,2.2,2.28,2.34,2.48,3.32,2.82
54,Benjamin Stambouli Schalke 04 2020,Benjamin Stambouli,2020,Bundesliga,Schalke 04,DM,Defensive Midfield,FRA,1990,32,24,82,1968,2.36,1.54,2.27,2.12,3.12,1.45,1.3,2.06,1.63,1.99,2.19,2.78,2.13,2.18,1.29,2.34,2.19,2.65,2.73,3.55,3.15
55,Tobias Strobl Augsburg 2020,Tobias Strobl,2020,Bundesliga,Augsburg,DM,Defensive Midfield,GER,1990,32,29,64,1856,2.01,1.86,2.02,1.94,2.18,1.95,1.58,1.81,2.09,2.28,2.3,1.73,1.65,1.76,2.3,2.22,1.83,2.61,1.43,2.07,3.31
56,Lucas Tousart Hertha BSC 2020,Lucas Tousart,2020,Bundesliga,Hertha BSC,DM,Defensive Midfield,FRA,1997,25,26,80,2080,2.2,2.43,2.19,1.61,2.93,2.34,2.89,2.08,2.41,2.04,2.46,2.13,2.16,1.52,1.82,1.78,1.49,3.45,2.85,3.04,2.28
57,Axel Witsel Dortmund 2020,Axel Witsel,2020,Bundesliga,Dortmund,DM,Defensive Midfield,BEL,1989,33,15,75,1125,2.67,2.28,2.4,3.29,2.17,2.51,2.75,1.06,2.25,2.26,1.77,2.43,3.34,3.3,4.34,2.86,3.18,2.58,2.02,2.06,2.28
58,Denis Zakaria M'Gladbach 2020,Denis Zakaria,2020,Bundesliga,M'Gladbach,DM,Defensive Midfield,SUI,1996,26,25,57,1425,2.32,2.8,2.75,2.24,1.91,3.07,2.6,2.6,2.43,2.36,2.03,4.05,2.56,1.9,3.49,2.25,2.4,1.96,1.71,1.87,2.3
59,Tyler Adams RB Leipzig 2021,Tyler Adams,2021,Bundesliga,RB Leipzig,DM,Defensive Midfield,USA,1999,23,24,56,1344,2.57,1.84,2.45,3.01,2.39,1.79,1.29,1.93,2.81,2.51,1.97,2.29,3.15,3.09,3.13,2.89,2.89,2.37,2.45,2.28,2.59
60,Santiago Ascacíbar Hertha BSC 2021,Santiago Ascacíbar,2021,Bundesliga,Hertha BSC,DM,Defensive Midfield,ARG,1997,25,28,85,2380,2.22,2.03,1.72,2.02,2.92,2.26,1.95,1.44,2.14,1.98,1.83,1.59,1.39,2.04,2.37,1.85,1.98,2.39,3.74,2.73,2.57
61,Emre Can Dortmund 2021,Emre Can,2021,Bundesliga,Dortmund,DM,Defensive Midfield,GER,1994,28,24,70,1680,3.05,2.63,2.55,3.64,2.77,2.88,1.64,3.72,2.06,1.84,2.06,2.93,3.66,4.02,3.04,3.26,3.49,2.82,2.58,3.08,2.26
62,Niklas Dorsch Augsburg 2021,Niklas Dorsch,2021,Bundesliga,Augsburg,DM,Defensive Midfield,GER,1998,24,30,77,2310,2.18,1.95,2.19,2.01,2.51,1.65,1.48,3.71,1.55,1.99,1.86,2.89,2.01,1.91,2.67,2.0,1.9,1.79,2.82,2.99,1.5
63,Wataru Endo Stuttgart 2021,Wataru Endo,2021,Bundesliga,Stuttgart,DM,Defensive Midfield,JPN,1993,29,33,88,2904,2.74,3.85,2.49,2.42,2.84,4.32,4.86,1.97,2.87,2.46,2.17,2.83,2.5,2.29,2.24,2.68,2.54,3.15,2.7,2.62,3.34
64,Sebastian Griesbeck Greuther Fürth 2021,Sebastian Griesbeck,2021,Bundesliga,Greuther Fürth,DM,Defensive Midfield,GER,1990,32,29,84,2436,1.88,2.24,1.52,1.39,2.66,2.33,1.75,3.13,1.63,1.34,1.64,1.71,1.41,1.24,2.17,1.18,1.62,3.03,2.44,2.63,2.72
65,Florian Grillitsch Hoffenheim 2021,Florian Grillitsch,2021,Bundesliga,Hoffenheim,DM,Defensive Midfield,AUT,1995,27,18,83,1494,2.76,1.86,2.51,3.29,2.6,1.88,1.94,1.68,1.92,2.61,2.55,1.53,3.55,3.16,3.68,3.56,3.0,2.6,2.28,2.75,2.74
66,Carlos Gruezo Augsburg 2021,Carlos Gruezo,2021,Bundesliga,Augsburg,DM,Defensive Midfield,ECU,1995,27,17,57,969,1.67,1.92,1.78,1.3,2.0,2.02,1.95,1.44,2.13,1.83,2.46,1.49,1.25,1.02,2.28,1.38,1.32,2.32,3.01,2.03,-0.08
67,Josuha Guilavogui Wolfsburg 2021,Josuha Guilavogui,2021,Bundesliga,Wolfsburg,DM,Defensive Midfield,FRA,1990,32,15,63,945,2.44,1.96,1.74,2.19,3.49,1.92,2.32,1.56,1.96,1.83,1.64,1.78,1.7,2.4,2.36,1.65,2.23,3.37,3.17,4.46,1.71
68,Makoto Hasebe Eint Frankfurt 2021,Makoto Hasebe,2021,Bundesliga,Eint Frankfurt,DM,Defensive Midfield,JPN,1984,38,18,66,1188,2.85,1.35,2.09,3.35,3.38,1.21,1.14,2.06,1.33,1.73,1.76,1.7,3.49,3.73,3.31,2.81,3.07,3.36,2.75,3.88,3.17
69,Jonas Hector Köln 2021,Jonas Hector,2021,Bundesliga,Köln,DM,Defensive Midfield,GER,1990,32,30,85,2550,2.91,2.36,3.87,2.64,2.89,2.14,2.38,1.44,4.2,3.72,6.5,2.22,2.92,2.83,1.57,2.74,2.65,2.71,2.88,2.78,3.37
70,Nicolas Höfler Freiburg 2021,Nicolas Höfler,2021,Bundesliga,Freiburg,DM,Defensive Midfield,GER,1990,32,30,87,2610,2.41,2.72,2.37,2.1,2.74,2.67,3.21,2.45,2.44,2.57,2.38,2.69,1.69,1.86,2.64,2.35,2.09,3.13,2.96,2.62,2.31
71,Kristijan Jakić Eint Frankfurt 2021,Kristijan Jakić,2021,Bundesliga,Eint Frankfurt,DM,Defensive Midfield,CRO,1997,25,26,72,1872,2.26,2.87,2.23,1.8,2.66,3.03,3.71,1.55,2.56,1.86,2.5,2.52,2.05,1.73,1.1,2.15,1.97,2.91,3.05,2.56,2.01
72,Rani Khedira Union Berlin 2021,Rani Khedira,2021,Bundesliga,Union Berlin,DM,Defensive Midfield,GER,1994,28,32,86,2752,1.77,2.01,2.04,1.2,2.26,2.16,1.9,1.56,2.23,1.67,2.88,2.28,1.22,1.12,0.73,1.44,1.4,2.31,2.76,1.96,2.16
73,Joshua Kimmich Bayern Munich 2021,Joshua Kimmich,2021,Bundesliga,Bayern Munich,DM,Defensive Midfield,GER,1995,27,28,88,2464,3.98,3.18,4.26,4.99,2.72,3.1,3.12,3.16,3.59,6.49,3.71,2.55,3.91,5.18,3.06,6.12,4.12,1.77,2.51,2.9,3.52
74,Fabian Kunze Arminia 2021,Fabian Kunze,2021,Bundesliga,Arminia,DM,Defensive Midfield,GER,1998,24,22,57,1254,1.93,1.73,2.23,1.5,2.42,1.59,1.77,1.81,2.05,1.84,2.76,2.76,1.48,1.42,1.11,1.81,1.53,3.58,2.17,2.99,0.25
75,Dejan Ljubicic Köln 2021,Dejan Ljubicic,2021,Bundesliga,Köln,DM,Defensive Midfield,AUT,1997,25,30,66,1980,2.38,3.72,4.17,1.54,1.71,3.57,3.64,3.18,5.01,4.16,6.19,3.69,2.31,1.26,0.48,2.27,1.95,1.27,2.49,0.97,2.74
76,Anthony Losilla Bochum 2021,Anthony Losilla,2021,Bundesliga,Bochum,DM,Defensive Midfield,FRA,1986,36,33,89,2937,2.23,2.49,1.94,1.65,3.14,2.35,2.75,2.59,2.39,2.0,2.2,2.14,1.31,1.65,1.54,1.67,1.7,3.78,2.58,3.43,2.67
77,Orel Mangala Stuttgart 2021,Orel Mangala,2021,Bundesliga,Stuttgart,DM,Defensive Midfield,BEL,1998,24,28,66,1848,2.22,3.07,3.4,1.88,1.49,2.9,3.36,2.0,4.52,3.66,2.16,5.14,2.38,1.65,2.59,1.75,2.26,1.73,1.09,1.15,2.8
78,Manuel Prietl Arminia 2021,Manuel Prietl,2021,Bundesliga,Arminia,DM,Defensive Midfield,AUT,1991,31,26,82,2132,1.79,2.05,1.89,1.22,2.42,2.08,2.37,1.44,2.2,1.88,1.83,2.32,1.43,0.96,1.77,1.4,1.33,2.28,2.93,2.1,2.55
79,Diadie Samassékou Hoffenheim 2021,Diadie Samassékou,2021,Bundesliga,Hoffenheim,DM,Defensive Midfield,MLI,1996,26,24,69,1656,2.2,2.99,1.91,1.78,2.63,3.0,2.77,3.47,2.73,1.99,1.92,2.03,1.62,1.72,2.12,1.57,2.0,2.76,2.86,2.73,1.85
80,Ellyes Skhiri Köln 2021,Ellyes Skhiri,2021,Bundesliga,Köln,DM,Defensive Midfield,TUN,1995,27,22,83,1826,2.74,4.23,2.08,2.24,3.22,4.77,4.39,3.47,3.09,2.07,2.29,2.06,1.88,2.16,2.72,2.14,2.3,2.86,3.28,3.29,3.32
81,Anton Stach Mainz 05 2021,Anton Stach,2021,Bundesliga,Mainz 05,DM,Defensive Midfield,GER,1998,24,29,64,1856,2.77,2.92,3.41,2.14,3.14,2.48,4.29,1.83,3.53,4.05,3.8,3.01,2.53,2.13,0.8,2.72,2.25,3.11,2.51,3.93,2.23
82,Angelo Stiller Hoffenheim 2021,Angelo Stiller,2021,Bundesliga,Hoffenheim,DM,Defensive Midfield,GER,2001,21,26,65,1690,2.51,2.94,2.3,2.6,2.33,2.73,2.5,3.6,3.53,2.55,2.38,2.26,1.9,2.43,2.4,2.99,2.67,2.57,2.36,1.99,2.91
83,Lucas Tousart Hertha BSC 2021,Lucas Tousart,2021,Bundesliga,Hertha BSC,DM,Defensive Midfield,FRA,1997,25,30,65,1950,2.21,2.88,2.27,1.56,2.79,2.94,3.23,2.73,2.26,2.26,2.41,2.31,2.05,1.32,1.05,2.29,1.54,3.16,2.89,2.59,2.78
84,Axel Witsel Dortmund 2021,Axel Witsel,2021,Bundesliga,Dortmund,DM,Defensive Midfield,BEL,1989,33,29,67,1943,2.5,2.62,1.85,2.93,2.28,2.48,1.83,4.61,1.97,1.9,1.77,1.3,2.57,3.09,4.17,2.09,2.89,2.35,2.28,1.94,3.06
85,Denis Zakaria M'Gladbach 2021,Denis Zakaria,2021,Bundesliga,M'Gladbach,DM,Defensive Midfield,SUI,1996,26,16,87,1392,2.7,2.95,2.82,2.74,2.44,2.82,2.85,3.66,2.65,2.2,2.18,3.86,3.21,2.6,3.68,2.6,2.72,1.77,2.04,2.9,2.61
86,Sergio Busquets Barcelona 2019,Sergio Busquets,2019,La Liga,Barcelona,DM,Defensive Midfield,ESP,1988,34,33,75,2475,3.74,2.88,3.08,5.08,2.71,2.95,2.18,3.45,3.1,3.8,1.59,2.84,4.2,5.76,3.54,4.87,4.48,2.03,3.02,2.78,2.69
87,William Carvalho Betis 2019,William Carvalho,2019,La Liga,Betis,DM,Defensive Midfield,POR,1992,30,13,69,897,2.68,2.4,3.12,3.51,1.34,2.47,2.59,1.73,2.71,3.11,1.82,3.96,3.69,3.63,3.33,3.29,3.59,2.27,1.14,1.17,1.2
88,Casemiro Real Madrid 2019,Casemiro,2019,La Liga,Real Madrid,DM,Defensive Midfield,BRA,1992,30,35,88,3080,3.13,3.5,2.66,3.33,3.01,3.75,3.98,2.84,2.64,2.23,3.14,2.53,2.83,3.6,2.7,3.16,3.24,2.81,3.62,3.21,1.69
89,Francis Coquelin Valencia 2019,Francis Coquelin,2019,La Liga,Valencia,DM,Defensive Midfield,FRA,1991,31,26,73,1898,2.27,1.86,2.25,2.56,2.08,1.75,1.64,2.02,2.38,1.73,1.92,3.08,2.35,2.41,3.54,2.31,2.71,2.05,1.75,2.17,2.4
90,Papakouli Diop Eibar 2019,Papakouli Diop,2019,La Liga,Eibar,DM,Defensive Midfield,SEN,1986,36,30,75,2250,1.97,2.46,1.88,1.59,2.32,2.24,2.83,2.44,2.58,2.28,2.1,1.76,1.2,1.33,1.16,2.27,1.67,2.68,1.98,2.44,2.26
91,Fernando Sevilla 2019,Fernando,2019,La Liga,Sevilla,DM,Defensive Midfield,BRA,1987,35,34,78,2652,2.77,3.08,2.3,2.67,3.08,3.54,2.84,2.85,2.18,2.19,2.21,2.37,2.48,2.83,3.48,1.96,2.73,2.96,3.16,3.13,2.92
92,Manu García Alavés 2019,Manu García,2019,La Liga,Alavés,DM,Defensive Midfield,ESP,1986,36,30,66,1980,1.91,2.77,1.69,1.45,2.32,3.05,3.64,1.34,2.12,1.26,2.17,2.2,1.09,1.35,1.25,1.56,1.69,2.89,3.16,2.15,0.84
93,Maxime Gonalons Granada 2019,Maxime Gonalons,2019,La Liga,Granada,DM,Defensive Midfield,FRA,1989,33,19,79,1501,2.1,1.76,2.08,1.85,2.61,1.55,1.88,2.12,1.8,1.88,1.74,2.85,1.84,1.55,2.58,2.15,1.83,2.65,3.97,2.1,1.59
94,Nemanja Gudelj Sevilla 2019,Nemanja Gudelj,2019,La Liga,Sevilla,DM,Defensive Midfield,SRB,1991,31,24,51,1224,2.24,1.79,2.29,2.53,2.01,1.75,1.72,2.02,1.73,1.6,2.05,2.85,2.87,2.69,3.63,1.61,2.67,2.03,1.5,2.21,2.32
95,Stanislav Lobotka Celta Vigo 2019,Stanislav Lobotka,2019,La Liga,Celta Vigo,DM,Defensive Midfield,SVK,1994,28,17,81,1377,2.37,1.84,2.69,2.73,1.87,1.49,1.75,2.12,2.82,2.7,2.04,2.48,3.73,2.66,3.19,2.6,2.82,0.94,1.8,1.21,4.55
96,David López Espanyol 2019,David López,2019,La Liga,Espanyol,DM,Defensive Midfield,ESP,1989,33,32,77,2464,2.64,3.12,2.35,2.61,2.67,3.15,2.85,4.31,1.98,2.52,2.12,2.08,2.74,2.62,2.35,2.76,2.55,2.75,2.07,2.77,3.3
97,Thomas Partey Atlético Madrid 2019,Thomas Partey,2019,La Liga,Atlético Madrid,DM,Defensive Midfield,GHA,1993,29,35,73,2555,3.06,2.94,3.16,3.38,2.6,2.85,2.99,3.3,2.71,2.73,2.22,4.19,3.66,3.33,2.6,4.09,3.02,2.52,2.55,2.83,2.16
98,Rubén Pérez Leganés 2019,Rubén Pérez,2019,La Liga,Leganés,DM,Defensive Midfield,ESP,1989,33,26,84,2184,2.39,1.82,2.03,2.37,2.94,1.72,1.68,2.12,2.04,1.93,2.38,1.93,1.85,2.36,1.92,2.7,2.21,2.03,3.14,3.22,2.77
99,Pere Pons Alavés 2019,Pere Pons,2019,La Liga,Alavés,DM,Defensive Midfield,ESP,1993,29,30,36,1080,1.96,2.67,2.44,1.39,2.08,2.35,1.69,4.46,3.15,2.48,3.41,1.94,1.82,1.27,1.32,1.26,1.96,2.06,2.53,1.64,2.5
100,Nemanja Radoja Levante 2019,Nemanja Radoja,2019,La Liga,Levante,DM,Defensive Midfield,SRB,1993,29,26,77,2002,2.31,2.19,2.53,2.34,2.16,2.05,1.53,3.82,1.75,1.84,2.06,3.69,2.63,2.15,3.29,2.17,2.46,2.4,1.67,1.91,3.36
101,Marc Roca Espanyol 2019,Marc Roca,2019,La Liga,Espanyol,DM,Defensive Midfield,ESP,1996,26,35,86,3010,2.68,2.05,3.0,2.99,2.29,2.04,1.88,2.02,2.45,3.32,3.3,2.19,3.18,2.72,2.32,4.15,2.56,1.5,3.0,2.31,1.86
102,Guido Rodríguez Betis 2019,Guido Rodríguez,2019,La Liga,Betis,DM,Defensive Midfield,ARG,1994,28,14,67,938,2.57,3.3,2.29,2.65,2.33,3.63,3.75,2.73,2.13,1.52,2.19,3.36,2.15,2.61,2.95,2.39,2.91,2.34,3.03,1.84,2.41
103,Oier Sanjurjo Osasuna 2019,Oier Sanjurjo,2019,La Liga,Osasuna,DM,Defensive Midfield,ESP,1986,36,29,80,2320,2.44,3.18,2.33,1.94,2.89,3.52,3.0,2.88,2.66,2.64,3.1,1.81,1.59,1.8,1.18,2.6,1.9,3.0,3.09,3.29,1.47
104,David Timor Getafe 2019,David Timor,2019,La Liga,Getafe,DM,Defensive Midfield,ESP,1989,33,22,43,946,2.44,4.12,2.64,1.69,2.57,3.9,4.6,5.22,2.74,2.12,5.18,2.05,1.0,1.7,-0.28,2.69,1.57,3.21,1.36,3.05,2.75
105,Mikel Vesga Athletic Club 2019,Mikel Vesga,2019,La Liga,Athletic Club,DM,Defensive Midfield,ESP,1993,29,20,63,1260,2.43,2.43,2.75,2.06,2.72,2.33,2.88,1.63,2.99,2.55,3.84,2.36,2.17,1.94,2.01,2.16,2.28,2.79,2.69,2.84,2.4
106,Nikola Vukčević Levante 2019,Nikola Vukčević,2019,La Liga,Levante,DM,Defensive Midfield,MNE,1991,31,30,52,1560,1.8,1.71,1.98,1.98,1.47,1.69,1.46,2.12,1.68,1.98,1.74,2.19,2.0,1.75,3.31,1.7,2.14,1.72,1.8,1.39,0.88
107,Okay Yokuşlu Celta Vigo 2019,Okay Yokuşlu,2019,La Liga,Celta Vigo,DM,Defensive Midfield,TUR,1994,28,26,76,1976,2.37,1.78,2.54,2.36,2.52,1.55,1.63,2.12,2.37,2.25,2.21,3.2,2.55,2.53,2.45,1.79,2.64,3.18,1.91,2.72,2.41
108,Andre-Frank Zambo Anguissa Villarreal 2019,Andre-Frank Zambo Anguissa,2019,La Liga,Villarreal,DM,Defensive Midfield,CMR,1995,27,36,72,2592,2.99,3.19,3.75,2.88,2.52,3.2,3.39,2.53,3.67,2.79,2.31,6.24,3.79,2.84,3.3,2.66,3.0,2.62,2.62,2.27,2.88
109,Igor Zubeldia Real Sociedad 2019,Igor Zubeldia,2019,La Liga,Real Sociedad,DM,Defensive Midfield,ESP,1997,25,33,80,2640,2.47,1.64,2.4,2.9,2.31,1.55,1.43,2.12,1.71,1.51,1.91,2.77,3.79,3.14,3.19,2.2,2.98,2.46,1.91,2.36,2.7
110,Jon Ander Garrido Cádiz 2020,Jon Ander Garrido,2020,La Liga,Cádiz,DM,Defensive Midfield,ESP,1989,33,23,35,805,1.88,2.1,1.8,1.23,2.77,2.21,2.14,1.83,2.01,1.88,2.34,2.08,0.7,1.05,2.08,1.42,0.91,3.24,3.27,2.21,2.91
111,Sergio Busquets Barcelona 2020,Sergio Busquets,2020,La Liga,Barcelona,DM,Defensive Midfield,ESP,1988,34,36,70,2520,3.74,1.98,3.27,5.44,2.47,1.82,1.36,2.12,3.42,4.74,1.82,2.27,4.21,6.01,3.71,5.66,4.68,2.05,2.89,2.29,2.63
112,Étienne Capoue Villarreal 2020,Étienne Capoue,2020,La Liga,Villarreal,DM,Defensive Midfield,FRA,1988,34,16,74,1184,2.59,2.59,2.16,3.11,2.15,2.61,2.55,3.22,1.85,1.53,1.59,2.83,2.93,3.15,3.59,2.88,2.98,2.71,1.88,2.27,1.75
113,William Carvalho Betis 2020,William Carvalho,2020,La Liga,Betis,DM,Defensive Midfield,POR,1992,30,27,45,1215,3.1,3.73,2.91,3.81,1.95,3.92,4.22,3.32,2.75,2.73,1.92,3.5,3.65,4.04,2.86,3.76,3.81,2.76,2.0,1.43,2.36
114,Casemiro Real Madrid 2020,Casemiro,2020,La Liga,Real Madrid,DM,Defensive Midfield,BRA,1992,30,34,85,2890,3.23,4.29,2.83,3.18,3.11,4.8,4.56,3.45,3.14,3.69,2.49,2.2,2.78,3.38,2.79,2.96,3.16,3.25,3.17,3.23,2.56
115,Papakouli Diop Eibar 2020,Papakouli Diop,2020,La Liga,Eibar,DM,Defensive Midfield,SEN,1986,36,33,70,2310,2.16,2.85,2.02,1.6,2.74,2.83,3.5,2.12,2.74,2.49,2.4,1.86,1.1,1.48,0.84,2.29,1.46,3.35,2.38,2.96,2.16
116,Fernando Sevilla 2020,Fernando,2020,La Liga,Sevilla,DM,Defensive Midfield,BRA,1987,35,31,82,2542,2.77,2.96,2.5,2.87,2.73,3.0,1.85,5.05,2.13,3.53,1.75,2.2,2.33,2.97,3.56,2.45,2.77,2.46,2.85,2.57,3.21
117,Manu García Alavés 2020,Manu García,2020,La Liga,Alavés,DM,Defensive Midfield,ESP,1986,36,25,45,1125,1.87,2.32,1.95,1.4,2.29,2.46,2.68,1.63,2.12,1.87,3.16,1.44,1.21,1.25,0.9,1.6,1.83,3.45,2.63,2.05,1.21
118,Maxime Gonalons Granada 2020,Maxime Gonalons,2020,La Liga,Granada,DM,Defensive Midfield,FRA,1989,33,25,59,1475,2.44,1.75,2.58,2.35,2.81,1.69,1.44,2.12,2.0,2.37,2.17,3.18,2.63,2.22,2.63,2.52,2.28,2.52,3.98,2.48,2.02
119,Nemanja Gudelj Sevilla 2020,Nemanja Gudelj,2020,La Liga,Sevilla,DM,Defensive Midfield,SRB,1991,31,30,35,1050,2.56,1.75,2.18,3.32,2.12,1.62,1.83,2.02,1.77,1.38,2.17,1.89,3.65,3.89,4.11,1.74,3.43,2.3,2.53,1.97,1.61
120,Jens Jønsson Cádiz 2020,Jens Jønsson,2020,La Liga,Cádiz,DM,Defensive Midfield,DEN,1993,29,35,75,2625,1.76,1.95,1.91,1.04,2.58,1.94,1.86,1.92,2.13,2.25,1.87,2.31,1.01,0.77,1.51,1.31,1.11,2.31,2.38,2.41,3.58
121,Mickael Malsa Levante 2020,Mickael Malsa,2020,La Liga,Levante,DM,Defensive Midfield,MTQ,1995,27,35,67,2345,2.63,2.62,2.47,2.84,2.44,2.63,3.06,2.25,2.33,2.06,2.09,2.71,3.21,2.82,3.01,2.81,2.86,1.35,2.49,2.65,2.91
122,Iván Marcone Elche 2020,Iván Marcone,2020,La Liga,Elche,DM,Defensive Midfield,ARG,1990,32,33,80,2640,2.35,1.56,2.24,2.67,2.32,1.49,1.08,2.21,1.78,1.86,2.02,2.37,2.88,2.77,3.04,2.34,2.64,1.82,2.43,2.09,3.22
123,José Mari Cádiz 2020,José Mari,2020,La Liga,Cádiz,DM,Defensive Midfield,ESP,1987,35,22,66,1452,1.92,2.04,2.26,1.26,2.56,1.97,2.24,2.02,2.0,1.89,2.24,3.63,1.11,1.12,1.11,1.48,1.43,2.34,2.72,2.5,2.68
124,Pere Pons Alavés 2020,Pere Pons,2020,La Liga,Alavés,DM,Defensive Midfield,ESP,1993,29,22,54,1188,2.16,3.49,2.91,1.33,2.2,3.48,3.08,4.07,3.5,3.49,3.55,2.72,1.57,1.07,1.72,1.59,1.47,1.49,2.57,1.7,3.54
125,Nemanja Radoja Levante 2020,Nemanja Radoja,2020,La Liga,Levante,DM,Defensive Midfield,SRB,1993,29,21,53,1113,2.52,1.83,2.45,2.95,2.3,1.75,1.5,2.02,2.4,1.98,2.39,2.25,3.42,2.96,3.2,2.75,3.02,2.46,1.68,2.14,3.61
126,Guido Rodríguez Betis 2020,Guido Rodríguez,2020,La Liga,Betis,DM,Defensive Midfield,ARG,1994,28,35,82,2870,2.66,2.5,2.29,2.65,3.0,2.44,2.95,2.2,2.34,2.01,1.94,2.97,2.27,2.79,2.9,2.27,2.64,2.29,3.6,3.12,2.4
127,Oier Sanjurjo Osasuna 2020,Oier Sanjurjo,2020,La Liga,Osasuna,DM,Defensive Midfield,ESP,1986,36,32,65,2080,2.07,2.16,2.2,1.63,2.56,2.14,2.36,1.83,2.32,2.85,2.64,1.8,1.25,1.59,0.38,2.37,1.54,3.35,2.52,2.83,1.16
128,Renato Tapia Celta Vigo 2020,Renato Tapia,2020,La Liga,Celta Vigo,DM,Defensive Midfield,PER,1995,27,32,84,2688,2.54,2.01,2.42,2.58,2.83,1.94,2.21,1.92,1.98,1.98,2.03,2.91,2.9,2.79,2.57,2.14,2.61,2.65,2.75,3.33,1.86
129,David Timor Getafe 2020,David Timor,2020,La Liga,Getafe,DM,Defensive Midfield,ESP,1989,33,30,47,1410,2.13,2.14,2.37,1.82,2.39,1.81,2.85,1.92,2.36,2.7,3.4,1.59,1.59,1.73,0.34,2.7,1.82,2.95,1.16,2.73,3.01
130,Lucas Torró Osasuna 2020,Lucas Torró,2020,La Liga,Osasuna,DM,Defensive Midfield,ESP,1994,28,25,62,1550,2.37,2.9,2.14,1.8,3.1,2.98,3.95,1.34,2.77,2.29,2.15,2.53,1.43,1.85,1.75,1.87,1.64,4.39,2.48,3.17,2.69
131,Mikel Vesga Athletic Club 2020,Mikel Vesga,2020,La Liga,Athletic Club,DM,Defensive Midfield,ESP,1993,29,30,57,1710,2.52,2.72,2.54,2.5,2.43,2.72,3.38,1.44,3.23,3.07,2.21,2.16,2.69,2.38,2.13,2.93,2.49,2.95,1.88,2.74,2.05
132,Nikola Vukčević Levante 2020,Nikola Vukčević,2020,La Liga,Levante,DM,Defensive Midfield,MNE,1991,31,13,62,806,1.76,1.76,1.77,1.83,1.63,1.82,1.26,2.12,1.94,1.92,2.32,1.39,1.38,1.59,3.09,1.53,2.11,2.39,1.34,1.26,2.32
133,Igor Zubeldia Real Sociedad 2020,Igor Zubeldia,2020,La Liga,Real Sociedad,DM,Defensive Midfield,ESP,1997,25,24,82,1968,2.56,2.6,2.46,2.71,2.42,2.96,2.34,2.79,1.58,1.76,2.38,2.02,4.07,2.95,3.33,1.88,2.79,2.66,1.6,2.57,3.14
134,Martín Zubimendi Real Sociedad 2020,Martín Zubimendi,2020,La Liga,Real Sociedad,DM,Defensive Midfield,ESP,1999,23,31,61,1891,2.55,2.03,2.37,2.97,2.33,2.14,1.74,1.92,2.28,2.04,1.82,2.25,3.66,2.84,3.44,3.1,2.85,2.71,1.65,2.42,2.89
135,Tomás Alarcón Cádiz 2021,Tomás Alarcón,2021,La Liga,Cádiz,DM,Defensive Midfield,CHI,1999,23,23,62,1426,2.33,2.33,2.99,1.8,2.63,2.46,2.61,1.63,2.31,3.23,5.5,1.66,1.24,1.64,1.46,2.2,1.92,1.95,2.42,2.91,2.95
136,Sergio Busquets Barcelona 2021,Sergio Busquets,2021,La Liga,Barcelona,DM,Defensive Midfield,ESP,1988,34,36,89,3204,3.38,2.39,2.84,4.34,2.86,2.17,1.81,3.42,2.8,3.55,1.87,2.42,3.53,4.68,3.29,4.45,3.93,2.61,3.3,2.77,2.6
137,Étienne Capoue Villarreal 2021,Étienne Capoue,2021,La Liga,Villarreal,DM,Defensive Midfield,FRA,1988,34,30,76,2280,2.65,2.23,2.75,2.91,2.41,1.98,2.15,2.76,2.52,1.97,2.02,3.46,3.84,2.84,3.28,2.86,2.92,2.69,2.64,2.08,2.59
138,William Carvalho Betis 2021,William Carvalho,2021,La Liga,Betis,DM,Defensive Midfield,POR,1992,30,33,55,1815,3.45,4.14,3.81,3.88,2.25,4.34,5.29,2.07,4.15,4.17,2.37,4.59,4.09,3.77,3.25,4.55,3.66,2.26,2.43,1.85,2.95
139,Casemiro Real Madrid 2021,Casemiro,2021,La Liga,Real Madrid,DM,Defensive Midfield,BRA,1992,30,32,80,2560,3.38,2.89,2.92,3.78,3.36,2.89,3.65,1.89,2.88,3.92,2.47,2.1,3.11,4.05,3.06,3.78,3.53,3.38,3.79,3.57,2.07
140,Francis Coquelin Villarreal 2021,Francis Coquelin,2021,La Liga,Villarreal,DM,Defensive Midfield,FRA,1991,31,20,42,840,3.14,3.71,3.4,3.18,2.65,3.24,2.35,5.85,4.92,3.8,2.1,4.14,3.54,2.84,3.28,3.59,3.47,2.32,3.74,2.25,2.16
141,Thomas Delaney Sevilla 2021,Thomas Delaney,2021,La Liga,Sevilla,DM,Defensive Midfield,DEN,1991,31,26,60,1560,2.51,3.32,2.38,2.26,2.59,3.42,3.42,3.27,2.82,2.27,3.3,2.0,1.89,2.35,2.09,2.01,2.46,3.4,2.25,2.36,2.91
142,Fernando Sevilla 2021,Fernando,2021,La Liga,Sevilla,DM,Defensive Midfield,BRA,1987,35,24,77,1848,2.72,2.48,2.09,3.05,2.79,2.5,1.74,3.75,2.06,1.93,1.82,1.87,2.91,3.4,3.59,2.04,3.1,2.53,2.14,2.94,3.77
143,Manu García Alavés 2021,Manu García,2021,La Liga,Alavés,DM,Defensive Midfield,ESP,1998,24,24,45,1080,2.82,2.11,4.93,2.83,1.66,1.75,1.79,2.02,3.99,5.09,5.97,4.78,3.61,2.46,1.78,4.25,2.55,0.99,1.84,1.59,2.22
144,Maxime Gonalons Granada 2021,Maxime Gonalons,2021,La Liga,Granada,DM,Defensive Midfield,FRA,1989,33,24,61,1464,2.39,1.92,2.59,2.17,2.79,1.75,1.92,2.02,2.35,3.06,2.2,2.29,2.76,1.94,2.72,2.47,2.02,2.66,2.88,2.96,2.31
145,Édgar González Betis 2021,Édgar González,2021,La Liga,Betis,DM,Defensive Midfield,ESP,1997,25,21,70,1470,2.64,3.01,2.03,2.65,2.87,3.68,2.39,3.16,1.55,1.73,1.59,2.31,2.65,2.98,3.72,1.35,2.84,2.7,1.95,3.46,3.09
146,Nemanja Gudelj Sevilla 2021,Nemanja Gudelj,2021,La Liga,Sevilla,DM,Defensive Midfield,SRB,1991,31,21,50,1050,2.42,1.73,1.64,2.78,2.79,1.55,1.85,2.12,1.65,1.5,1.8,0.59,2.97,3.21,3.57,1.52,2.81,2.99,2.34,3.01,2.81
147,Gerard Gumbau Elche 2021,Gerard Gumbau,2021,La Liga,Elche,DM,Defensive Midfield,ESP,1994,28,31,61,1891,2.46,2.18,3.41,2.62,1.7,2.01,2.54,1.83,2.64,4.6,4.79,1.6,2.32,2.66,2.41,2.7,2.57,1.7,1.69,1.79,1.5
148,Jens Jønsson Cádiz 2021,Jens Jønsson,2021,La Liga,Cádiz,DM,Defensive Midfield,DEN,1993,29,22,59,1298,1.9,1.95,2.19,1.02,2.92,2.08,1.6,1.92,2.14,2.54,2.94,2.14,0.82,0.73,1.89,1.22,0.98,2.32,3.42,2.53,3.68
149,Florentino Luís Getafe 2021,Florentino Luís,2021,La Liga,Getafe,DM,Defensive Midfield,POR,1999,23,22,45,990,2.34,1.73,2.14,2.01,3.24,1.49,1.57,2.12,2.35,2.93,2.25,1.66,1.48,1.9,2.16,2.14,2.03,2.7,3.63,3.56,2.33
150,Mickael Malsa Levante 2021,Mickael Malsa,2021,La Liga,Levante,DM,Defensive Midfield,MTQ,1995,27,26,44,1144,2.46,3.02,2.26,2.3,2.57,3.26,3.01,2.9,2.36,3.12,1.78,1.79,2.21,2.05,2.37,2.8,2.22,1.56,3.14,2.67,2.36
151,Iván Marcone Elche 2021,Iván Marcone,2021,La Liga,Elche,DM,Defensive Midfield,ARG,1990,32,20,40,800,2.28,1.67,2.04,2.35,2.64,1.62,1.26,2.12,1.99,1.03,2.02,3.17,2.08,2.51,2.81,1.89,2.25,2.29,2.47,3.13,2.06
152,Javi Martínez Osasuna 2021,Javi Martínez,2021,La Liga,Osasuna,DM,Defensive Midfield,ESP,1999,23,26,34,884,2.64,3.69,4.05,1.88,2.25,3.37,3.11,3.16,6.37,4.22,6.22,2.76,2.75,1.91,0.93,2.05,2.17,1.63,2.25,2.14,3.13
153,Omar Mascarell Elche 2021,Omar Mascarell,2021,La Liga,Elche,DM,Defensive Midfield,ESP,1993,29,32,78,2496,2.14,1.83,1.92,2.21,2.33,1.82,1.59,2.02,2.06,1.43,2.03,2.14,2.21,2.18,3.2,1.73,2.33,2.12,1.63,2.54,3.16
154,Njegoš Petrović Granada 2021,Njegoš Petrović,2021,La Liga,Granada,DM,Defensive Midfield,SRB,1999,23,15,61,915,2.23,2.98,2.26,1.65,2.67,3.57,3.5,1.15,2.36,2.37,2.33,2.37,1.92,1.47,1.85,1.84,1.76,2.35,3.4,2.17,3.06
155,Pere Pons Alavés 2021,Pere Pons,2021,La Liga,Alavés,DM,Defensive Midfield,ESP,1993,29,27,51,1377,1.91,3.64,2.26,1.08,2.02,4.1,4.06,1.92,3.5,2.75,2.4,2.2,1.46,0.88,0.79,1.5,1.21,2.17,2.65,1.1,3.17
156,Nemanja Radoja Levante 2021,Nemanja Radoja,2021,La Liga,Levante,DM,Defensive Midfield,SRB,1993,29,19,64,1216,1.96,1.73,2.24,1.83,2.06,1.62,1.3,2.12,2.35,2.18,2.57,2.36,1.77,1.61,2.85,1.65,2.05,2.14,1.45,2.05,3.03
157,Guido Rodríguez Betis 2021,Guido Rodríguez,2021,La Liga,Betis,DM,Defensive Midfield,ARG,1994,28,32,79,2528,2.6,2.37,2.36,2.67,2.76,2.31,2.75,2.45,1.85,2.48,1.95,2.69,2.29,2.73,3.06,2.45,2.57,2.08,3.15,2.95,2.27
158,Renato Tapia Celta Vigo 2021,Renato Tapia,2021,La Liga,Celta Vigo,DM,Defensive Midfield,PER,1995,27,29,49,1421,2.62,2.01,2.0,2.7,3.22,1.88,2.32,1.92,2.06,1.73,1.89,1.7,2.9,2.96,2.32,2.44,2.59,2.67,3.84,3.66,1.65
159,Lucas Torró Osasuna 2021,Lucas Torró,2021,La Liga,Osasuna,DM,Defensive Midfield,ESP,1994,28,33,83,2739,2.49,2.52,2.01,2.09,3.38,2.31,3.07,2.2,2.71,1.72,2.12,2.3,1.96,2.02,1.79,2.47,1.95,3.91,2.71,3.99,2.41
160,José Luis García Vayá Levante 2021,José Luis García Vayá,2021,La Liga,Levante,DM,Defensive Midfield,ESP,1998,24,29,69,2001,2.69,2.0,3.0,2.95,2.44,1.88,1.96,1.92,2.57,3.62,3.13,2.38,2.75,2.99,2.27,3.21,2.9,2.3,2.72,2.52,1.89
161,Mikel Vesga Athletic Club 2021,Mikel Vesga,2021,La Liga,Athletic Club,DM,Defensive Midfield,ESP,1993,29,32,42,1344,2.75,3.24,2.92,2.73,2.45,3.23,3.05,3.71,3.02,3.07,3.86,2.14,2.54,2.41,1.94,3.81,2.61,2.87,2.17,3.2,0.59
162,Igor Zubeldia Real Sociedad 2021,Igor Zubeldia,2021,La Liga,Real Sociedad,DM,Defensive Midfield,ESP,1997,25,26,63,1638,2.47,2.1,2.05,2.83,2.42,2.34,2.12,1.83,1.59,1.33,2.26,1.41,3.57,3.11,3.5,1.91,2.91,2.86,1.41,2.66,3.05
163,Martín Zubimendi Real Sociedad 2021,Martín Zubimendi,2021,La Liga,Real Sociedad,DM,Defensive Midfield,ESP,1999,23,36,72,2592,2.63,2.98,2.27,2.71,2.62,3.14,3.4,2.63,2.19,2.32,1.87,1.97,3.03,2.67,2.89,2.66,2.77,2.8,2.27,2.47,3.39
164,Benjamin André Lille 2019,Benjamin André,2019,Ligue 1,Lille,DM,Defensive Midfield,FRA,1990,32,26,79,2054,2.79,2.65,2.73,2.35,3.5,2.49,1.95,3.9,2.82,2.6,2.75,3.05,2.51,2.51,1.36,2.32,2.59,3.84,3.73,3.86,1.92
165,Tiemoué Bakayoko Monaco 2019,Tiemoué Bakayoko,2019,Ligue 1,Monaco,DM,Defensive Midfield,FRA,1994,28,20,86,1720,2.72,3.08,3.14,2.56,2.49,2.9,3.68,1.99,4.06,2.3,3.28,4.23,2.81,2.33,2.75,2.6,3.03,2.47,3.06,2.25,2.16
166,Danilo Barbosa Nice 2019,Danilo Barbosa,2019,Ligue 1,Nice,DM,Defensive Midfield,BRA,1996,26,16,70,1120,2.63,1.89,2.55,3.18,2.25,1.97,1.58,1.78,2.26,2.14,1.91,2.58,3.9,3.24,3.74,2.68,3.34,2.27,2.02,2.17,2.84
167,Alexis Blin Amiens 2019,Alexis Blin,2019,Ligue 1,Amiens,DM,Defensive Midfield,FRA,1996,26,24,77,1848,2.3,1.56,1.99,2.26,2.91,1.73,0.98,2.0,1.37,1.58,2.36,2.31,1.73,2.3,2.18,2.24,2.21,2.97,2.83,3.02,2.73
168,Xavier Chavalerin Reims 2019,Xavier Chavalerin,2019,Ligue 1,Reims,DM,Defensive Midfield,FRA,1991,31,24,89,2136,2.5,2.15,3.79,2.15,2.25,1.95,1.84,2.83,2.52,4.39,6.11,2.59,1.6,1.95,1.33,2.92,2.14,1.63,2.8,2.04,2.52
169,Joris Chotard Montpellier 2019,Joris Chotard,2019,Ligue 1,Montpellier,DM,Defensive Midfield,FRA,2001,21,20,63,1260,2.04,1.6,2.4,1.79,2.33,1.46,1.74,1.89,1.49,2.21,3.07,2.4,1.85,1.58,0.99,2.65,1.73,2.49,2.6,2.44,1.44
170,Lucas Deaux Nîmes 2019,Lucas Deaux,2019,Ligue 1,Nîmes,DM,Defensive Midfield,FRA,1988,34,17,79,1343,2.82,3.55,2.63,2.15,3.55,3.56,3.36,3.66,3.7,2.89,2.69,2.78,2.01,2.02,1.0,2.98,2.08,4.15,3.97,3.37,2.74
171,Ibrahima Diallo Brest 2019,Ibrahima Diallo,2019,Ligue 1,Brest,DM,Defensive Midfield,FRA,1999,23,19,82,1558,2.27,1.55,2.58,2.16,2.53,1.35,1.41,2.0,1.91,2.09,1.75,3.58,3.03,2.17,2.67,1.79,2.34,2.15,2.79,2.2,3.3
172,Idrissa Gana Gueye Paris S-G 2019,Idrissa Gana Gueye,2019,Ligue 1,Paris S-G,DM,Defensive Midfield,SEN,1989,33,20,83,1660,3.67,2.98,3.91,4.5,2.63,2.92,2.41,2.77,4.43,5.35,2.03,3.35,4.88,4.71,3.97,4.51,4.23,2.11,3.53,2.33,2.45
173,Boubacar Kamara Marseille 2019,Boubacar Kamara,2019,Ligue 1,Marseille,DM,Defensive Midfield,FRA,1999,23,24,89,2136,2.41,2.08,1.79,2.48,2.89,1.95,1.8,3.02,1.84,1.55,1.27,2.03,2.45,2.54,3.27,1.94,2.54,3.34,2.94,2.68,2.9
174,Paul Lasne Brest 2019,Paul Lasne,2019,Ligue 1,Brest,DM,Defensive Midfield,FRA,1989,33,19,64,1216,2.52,3.51,3.1,2.39,1.84,3.38,3.34,3.87,3.82,4.0,3.89,2.14,2.07,2.13,1.96,2.81,2.81,2.24,1.71,0.98,3.85
175,Damien Le Tallec Montpellier 2019,Damien Le Tallec,2019,Ligue 1,Montpellier,DM,Defensive Midfield,FRA,1990,32,28,88,2464,1.98,2.43,1.63,1.52,2.66,2.25,2.2,3.41,2.17,1.67,2.48,1.07,1.21,1.35,1.51,1.9,1.48,3.46,2.13,2.5,3.13
176,Yann M'Vila Saint-Étienne 2019,Yann M'Vila,2019,Ligue 1,Saint-Étienne,DM,Defensive Midfield,FRA,1990,32,23,84,1932,2.3,1.67,1.68,2.54,2.68,1.66,1.64,1.89,1.46,2.0,1.27,1.56,1.87,2.58,2.77,2.42,2.49,2.62,1.46,2.89,4.24
177,Habib Maïga Metz 2019,Habib Maïga,2019,Ligue 1,Metz,DM,Defensive Midfield,CIV,1996,26,26,87,2262,2.78,2.58,3.67,2.38,2.83,2.36,3.07,2.14,3.0,2.12,5.82,3.71,3.18,2.38,1.8,2.41,2.68,2.67,3.35,2.72,2.41
178,Thiago Mendes Lyon 2019,Thiago Mendes,2019,Ligue 1,Lyon,DM,Defensive Midfield,BRA,1992,30,22,82,1804,2.75,2.1,2.87,3.04,2.54,2.06,2.43,1.46,2.48,4.06,2.23,2.44,2.5,2.91,2.86,3.46,2.95,2.43,2.04,2.64,3.22
179,Thomas Monconduit Amiens 2019,Thomas Monconduit,2019,Ligue 1,Amiens,DM,Defensive Midfield,FRA,1991,31,19,72,1368,2.05,1.72,2.54,2.08,1.83,1.53,1.69,1.89,2.24,1.96,3.61,2.35,2.29,2.0,1.27,2.6,2.09,2.6,1.51,1.96,1.26
180,Marshall Munetsi Reims 2019,Marshall Munetsi,2019,Ligue 1,Reims,DM,Defensive Midfield,ZIM,1996,26,17,49,833,2.31,1.63,3.18,1.54,3.1,1.59,1.2,1.89,2.2,3.01,3.14,4.04,2.41,1.62,1.03,1.32,1.96,4.15,2.22,3.68,2.06
181,Kévin N'Doram Metz 2019,Kévin N'Doram,2019,Ligue 1,Metz,DM,Defensive Midfield,FRA,1996,26,20,82,1640,2.31,1.63,2.47,2.3,2.52,1.53,1.56,1.89,1.74,2.29,1.58,3.35,2.74,2.24,3.4,1.97,2.22,2.86,2.46,2.17,3.14
182,Otávio Bordeaux 2019,Otávio,2019,Ligue 1,Bordeaux,DM,Defensive Midfield,BRA,1994,28,25,88,2200,2.53,2.42,2.02,2.77,2.59,2.36,2.48,3.26,1.48,1.57,1.76,2.35,2.56,3.01,3.61,1.76,2.94,1.58,3.68,2.33,2.43
183,Leandro Paredes Paris S-G 2019,Leandro Paredes,2019,Ligue 1,Paris S-G,DM,Defensive Midfield,ARG,1994,28,17,48,816,3.59,2.21,3.23,5.29,2.07,1.7,3.63,1.67,2.26,2.29,2.09,3.83,5.21,5.7,4.28,5.32,4.76,2.12,1.91,2.21,1.93
184,Alaixys Romao Reims 2019,Alaixys Romao,2019,Ligue 1,Reims,DM,Defensive Midfield,TOG,1984,38,22,81,1782,2.31,1.91,2.46,2.36,2.31,2.02,1.83,1.67,1.97,2.64,2.04,2.8,2.31,2.23,2.15,2.63,2.47,2.6,2.83,2.54,0.57
185,Ibrahim Sangaré Toulouse 2019,Ibrahim Sangaré,2019,Ligue 1,Toulouse,DM,Defensive Midfield,CIV,1997,25,25,87,2175,2.84,2.14,3.44,2.64,3.02,2.07,2.37,1.56,2.74,3.5,3.35,3.92,2.87,2.52,1.51,3.45,2.58,2.65,3.57,3.18,2.07
186,Baptiste Santamaria Angers 2019,Baptiste Santamaria,2019,Ligue 1,Angers,DM,Defensive Midfield,FRA,1995,27,28,89,2492,2.61,2.41,2.43,2.28,3.3,2.0,2.99,2.23,3.08,2.03,1.72,3.71,2.27,2.15,2.38,2.55,2.2,2.8,3.28,3.15,4.17
187,Sidy Sarr Nîmes 2019,Sidy Sarr,2019,Ligue 1,Nîmes,DM,Defensive Midfield,SEN,1996,26,22,53,1166,2.19,2.83,2.65,1.38,2.72,2.96,4.28,0.81,2.51,3.63,2.41,2.82,1.39,1.53,-0.07,1.85,1.23,5.58,2.29,2.56,1.01
188,Ibrahima Sissoko Strasbourg 2019,Ibrahima Sissoko,2019,Ligue 1,Strasbourg,DM,Defensive Midfield,FRA,1997,25,23,69,1587,2.22,2.04,3.09,1.77,2.34,1.89,1.77,1.67,3.45,2.88,4.15,2.58,2.7,1.47,2.16,2.15,1.83,2.83,2.59,2.07,2.13
189,Boubakary Soumaré Lille 2019,Boubakary Soumaré,2019,Ligue 1,Lille,DM,Defensive Midfield,FRA,1999,23,20,61,1220,2.45,1.43,2.93,2.87,1.99,1.23,0.84,2.1,2.26,2.63,2.2,3.79,3.19,2.63,3.49,3.15,2.78,2.01,2.05,1.73,2.55
190,Aurélien Tchouaméni Bordeaux 2019,Aurélien Tchouaméni,2019,Ligue 1,Bordeaux,DM,Defensive Midfield,FRA,2000,22,15,74,1110,2.54,2.36,2.44,2.65,2.54,2.31,3.31,1.35,2.22,1.75,2.17,3.07,2.93,2.65,2.52,2.71,2.66,2.36,2.55,2.77,2.15
191,Abdoulaye Touré Nantes 2019,Abdoulaye Touré,2019,Ligue 1,Nantes,DM,Defensive Midfield,FRA,1994,28,27,82,2214,2.58,2.78,2.82,2.57,2.34,2.77,2.99,2.17,3.19,2.34,2.38,3.97,2.61,2.55,2.37,2.51,2.82,2.58,1.77,2.2,3.41
192,Lucas Tousart Lyon 2019,Lucas Tousart,2019,Ligue 1,Lyon,DM,Defensive Midfield,FRA,1997,25,24,73,1752,2.56,2.99,2.61,2.2,2.84,2.84,3.58,3.09,2.45,2.24,3.0,2.64,2.62,2.16,2.44,2.03,2.36,3.27,3.31,2.55,2.33
193,William Vainqueur Toulouse 2019,William Vainqueur,2019,Ligue 1,Toulouse,DM,Defensive Midfield,FRA,1988,34,21,82,1722,2.35,1.86,2.82,2.37,2.22,1.65,1.96,1.78,2.53,1.94,3.16,4.01,2.16,2.43,3.53,1.64,2.46,1.88,2.57,2.49,1.32
194,Laurent Abergel Lorient 2020,Laurent Abergel,2020,Ligue 1,Lorient,DM,Defensive Midfield,FRA,1993,29,38,78,2964,2.39,2.57,2.48,2.23,2.47,2.36,2.55,3.41,2.29,2.45,2.99,2.25,2.16,2.16,2.3,2.27,2.32,0.73,3.9,1.92,3.24
195,Matteo Ahlinvi Nîmes 2020,Matteo Ahlinvi,2020,Ligue 1,Nîmes,DM,Defensive Midfield,BEN,1999,23,20,45,900,2.11,4.54,2.79,1.29,1.67,5.06,5.13,3.65,2.91,1.58,2.46,4.52,2.75,1.2,1.57,1.15,1.54,1.36,2.25,0.9,2.98
196,Jean-Eudes Aholou Strasbourg 2020,Jean-Eudes Aholou,2020,Ligue 1,Strasbourg,DM,Defensive Midfield,CIV,1994,28,27,79,2133,2.05,2.85,2.08,1.5,2.44,2.9,3.01,2.76,2.49,1.88,1.9,2.9,1.57,1.32,2.25,1.59,1.39,2.83,2.16,2.72,1.81
197,Ibrahim Amadou Angers 2020,Ibrahim Amadou,2020,Ligue 1,Angers,DM,Defensive Midfield,FRA,1993,29,24,63,1512,2.1,3.0,1.75,1.82,2.34,3.52,3.72,0.7,2.88,1.85,1.79,1.8,1.47,1.71,2.75,1.62,1.79,2.55,2.6,2.25,1.94
198,Benjamin André Lille 2020,Benjamin André,2020,Ligue 1,Lille,DM,Defensive Midfield,FRA,1990,32,35,82,2870,2.9,2.04,2.57,3.06,3.33,1.84,2.08,1.78,2.98,2.53,2.39,2.63,2.76,3.16,2.54,3.19,2.91,3.77,3.57,3.57,1.9
199,Yannick Cahuzac Lens 2020,Yannick Cahuzac,2020,Ligue 1,Lens,DM,Defensive Midfield,FRA,1985,37,30,75,2250,1.94,2.79,1.83,1.57,2.16,3.32,1.95,3.03,2.05,1.75,2.67,1.52,1.33,1.33,2.26,1.87,1.38,2.56,1.7,2.08,2.73
200,Xavier Chavalerin Reims 2020,Xavier Chavalerin,2020,Ligue 1,Reims,DM,Defensive Midfield,FRA,1991,31,30,85,2550,1.92,1.95,2.29,1.63,2.05,1.89,2.22,1.67,2.06,2.81,2.81,2.15,1.11,1.39,2.21,1.81,1.64,1.46,2.85,1.54,2.58
201,Pedro Chirivella Nantes 2020,Pedro Chirivella,2020,Ligue 1,Nantes,DM,Defensive Midfield,ESP,1997,25,32,71,2272,2.1,1.63,1.91,2.31,2.17,1.48,1.3,2.0,2.27,2.48,2.19,1.12,1.76,2.16,2.39,2.62,2.23,1.38,1.7,2.22,3.6
202,Joris Chotard Montpellier 2020,Joris Chotard,2020,Ligue 1,Montpellier,DM,Defensive Midfield,FRA,2001,21,29,40,1160,1.57,2.16,2.17,0.89,1.84,2.27,2.38,1.56,2.2,1.89,3.48,2.22,0.92,0.88,0.0,1.38,0.79,1.82,1.47,1.61,3.05
203,Adrián Cubas Nîmes 2020,Adrián Cubas,2020,Ligue 1,Nîmes,DM,Defensive Midfield,PAR,1996,26,27,83,2241,2.07,1.98,1.62,1.73,2.9,1.83,1.84,2.92,1.59,1.35,1.74,1.9,1.51,1.69,2.09,1.64,1.76,0.7,3.94,3.21,2.57
204,Lucas Deaux Nîmes 2020,Lucas Deaux,2020,Ligue 1,Nîmes,DM,Defensive Midfield,FRA,1988,34,25,70,1750,2.6,2.62,3.27,2.24,2.65,2.43,2.66,2.7,3.12,3.17,4.66,2.94,2.14,2.34,1.58,2.35,2.22,2.98,3.01,2.39,2.35
205,Lucas Douath Saint-Étienne 2020,Lucas Douath,2020,Ligue 1,Saint-Étienne,DM,Defensive Midfield,FRA,2003,19,30,44,1320,2.04,1.84,2.08,1.79,2.46,2.03,1.53,1.78,1.76,1.23,1.85,2.67,2.81,1.79,2.79,1.24,1.88,2.53,2.84,2.79,0.96
206,Cheick Doucouré Lens 2020,Cheick Doucouré,2020,Ligue 1,Lens,DM,Defensive Midfield,MLI,2000,22,33,80,2640,2.62,2.47,2.67,2.56,2.73,2.18,2.21,3.18,3.02,3.09,1.59,3.03,2.97,2.29,2.89,3.05,2.44,2.24,2.97,2.83,2.59
207,Idrissa Gana Gueye Paris S-G 2020,Idrissa Gana Gueye,2020,Ligue 1,Paris S-G,DM,Defensive Midfield,SEN,1989,33,28,56,1568,3.78,3.0,3.58,4.85,2.77,2.48,2.91,3.66,4.12,3.05,2.36,3.58,5.83,5.35,3.97,4.49,4.52,2.54,3.47,2.59,2.29
208,Pape Gueye Marseille 2020,Pape Gueye,2020,Ligue 1,Marseille,DM,Defensive Midfield,SEN,1999,23,32,64,2048,2.58,2.73,2.22,2.77,2.49,2.85,2.35,3.53,1.95,1.88,2.45,1.9,2.8,2.93,2.39,2.63,2.79,3.02,2.22,2.97,1.17
209,Boubacar Kamara Marseille 2020,Boubacar Kamara,2020,Ligue 1,Marseille,DM,Defensive Midfield,FRA,1999,23,35,83,2905,2.69,1.91,2.47,3.02,2.74,1.59,2.05,1.89,2.79,2.65,1.78,2.62,2.85,3.13,2.97,2.9,2.9,2.99,2.93,2.49,2.79
210,Paul Lasne Brest 2020,Paul Lasne,2020,Ligue 1,Brest,DM,Defensive Midfield,FRA,1989,33,22,76,1672,2.27,1.93,1.75,2.48,2.51,2.09,1.45,1.78,2.36,1.62,1.84,1.36,2.28,2.71,2.7,1.74,2.71,2.4,2.43,2.53,2.7
211,Damien Le Tallec Montpellier 2020,Damien Le Tallec,2020,Ligue 1,Montpellier,DM,Defensive Midfield,FRA,1990,32,23,53,1219,1.75,2.56,1.23,1.33,2.33,2.98,3.07,1.02,2.17,1.11,1.27,1.69,0.78,1.08,1.46,1.62,1.56,3.32,1.18,2.63,2.51
212,Fabien Lemoine Lorient 2020,Fabien Lemoine,2020,Ligue 1,Lorient,DM,Defensive Midfield,FRA,1987,35,30,64,1920,2.75,2.44,2.38,3.14,2.59,2.37,2.13,2.76,2.77,2.36,3.14,1.41,2.67,3.42,2.91,2.83,2.95,2.53,3.06,2.85,1.2
213,Habib Maïga Metz 2020,Habib Maïga,2020,Ligue 1,Metz,DM,Defensive Midfield,CIV,1996,26,31,87,2697,2.52,2.54,3.03,2.23,2.55,2.61,2.6,2.15,2.69,3.49,3.06,2.9,2.5,2.14,2.08,2.5,2.19,2.51,2.85,2.65,1.85
214,Pape Matar Sarr Metz 2020,Pape Matar Sarr,2020,Ligue 1,Metz,DM,Defensive Midfield,SEN,2002,20,22,72,1584,2.79,3.29,3.09,2.52,2.73,3.0,3.51,4.17,2.8,3.09,2.2,2.89,4.42,2.44,2.72,2.56,2.58,2.51,2.74,2.7,3.01
215,Thiago Mendes Lyon 2020,Thiago Mendes,2020,Ligue 1,Lyon,DM,Defensive Midfield,BRA,1992,30,32,70,2240,2.84,2.3,2.54,3.25,2.7,2.25,2.74,1.46,2.8,3.36,2.15,2.1,2.43,2.95,3.3,4.13,2.85,2.18,2.74,2.74,3.08
216,Thomas Monconduit Lorient 2020,Thomas Monconduit,2020,Ligue 1,Lorient,DM,Defensive Midfield,FRA,1991,31,27,43,1161,2.62,3.36,2.68,2.59,2.27,3.43,3.45,3.85,2.39,3.26,2.8,2.04,2.52,2.44,1.69,3.41,2.46,2.44,2.52,2.09,2.12
217,Marshall Munetsi Reims 2020,Marshall Munetsi,2020,Ligue 1,Reims,DM,Defensive Midfield,ZIM,1996,26,27,71,1917,2.05,2.24,1.82,1.7,2.61,2.25,1.94,2.94,1.81,1.46,1.95,2.22,1.66,1.65,2.47,1.37,1.77,3.35,1.19,3.36,2.33
218,Yvan Neyou Saint-Étienne 2020,Yvan Neyou,2020,Ligue 1,Saint-Étienne,DM,Defensive Midfield,CMR,1997,25,31,79,2449,2.35,2.28,3.25,2.19,1.99,2.18,2.61,2.29,2.08,2.57,2.22,5.29,2.93,2.15,2.74,1.85,2.43,2.12,2.05,1.77,2.33
219,Steven Nzonzi Rennes 2020,Steven Nzonzi,2020,Ligue 1,Rennes,DM,Defensive Midfield,FRA,1988,34,34,86,2924,3.06,2.47,2.24,4.38,2.03,2.56,2.15,2.4,2.76,1.99,1.62,2.07,3.55,4.88,3.86,3.8,4.17,2.97,1.28,1.73,3.09
220,Otávio Bordeaux 2020,Otávio,2020,Ligue 1,Bordeaux,DM,Defensive Midfield,BRA,1994,28,18,87,1566,2.16,2.09,1.48,2.36,2.4,1.95,1.56,3.83,1.32,1.15,1.6,1.44,1.86,2.59,3.52,1.29,2.47,1.54,3.31,2.16,2.33
221,Vincent Pajot Metz 2020,Vincent Pajot,2020,Ligue 1,Metz,DM,Defensive Midfield,FRA,1990,32,12,76,912,2.3,1.99,2.1,2.19,2.75,2.08,2.11,1.67,1.84,1.46,3.19,1.83,2.01,2.35,2.86,1.57,2.19,2.57,3.41,2.51,2.43
222,Leandro Paredes Paris S-G 2020,Leandro Paredes,2020,Ligue 1,Paris S-G,DM,Defensive Midfield,ARG,1994,28,21,62,1302,3.55,2.82,3.05,5.2,1.91,2.59,3.73,2.44,2.52,3.34,2.4,1.71,5.09,5.64,3.57,5.5,4.59,2.23,2.13,1.87,1.34
223,Danilo Pereira Paris S-G 2020,Danilo Pereira,2020,Ligue 1,Paris S-G,DM,Defensive Midfield,POR,1991,31,23,62,1426,2.98,3.41,2.15,3.5,2.62,3.87,3.54,3.19,1.93,1.48,1.7,2.28,3.47,3.9,4.1,2.47,3.41,2.93,1.4,2.89,3.67
224,Morgan Schneiderlin Nice 2020,Morgan Schneiderlin,2020,Ligue 1,Nice,DM,Defensive Midfield,FRA,1989,33,28,78,2184,2.57,1.87,2.17,3.12,2.38,1.84,1.85,1.78,2.17,2.09,2.04,1.88,2.78,3.32,3.14,2.71,3.11,2.76,2.04,2.54,2.14
225,Ibrahima Sissoko Strasbourg 2020,Ibrahima Sissoko,2020,Ligue 1,Strasbourg,DM,Defensive Midfield,FRA,1997,25,36,72,2592,2.15,2.06,2.42,1.81,2.5,2.01,2.02,1.56,2.9,1.28,3.72,2.64,2.18,1.64,1.81,2.21,1.71,2.93,2.4,2.76,1.56
226,Boubakary Soumaré Lille 2020,Boubakary Soumaré,2020,Ligue 1,Lille,DM,Defensive Midfield,FRA,1999,23,32,60,1920,2.9,1.65,2.86,3.71,2.37,1.41,1.51,2.0,2.24,2.59,1.64,3.22,4.28,3.81,2.72,4.08,3.57,2.46,1.76,2.31,3.42
227,Aurélien Tchouaméni Monaco 2020,Aurélien Tchouaméni,2020,Ligue 1,Monaco,DM,Defensive Midfield,FRA,2000,22,36,85,3060,2.91,3.19,2.88,2.62,3.23,3.38,3.73,1.87,3.31,2.56,3.25,2.9,2.87,2.57,2.22,2.94,2.57,3.3,3.77,3.16,2.42
228,Khéphren Thuram-Ulie Nice 2020,Khéphren Thuram-Ulie,2020,Ligue 1,Nice,DM,Defensive Midfield,FRA,2001,21,29,52,1508,2.52,2.98,2.39,2.81,2.0,2.91,2.4,4.27,2.61,1.52,2.11,2.91,3.3,2.8,3.0,2.76,2.78,2.47,2.03,1.54,2.66
229,Abdoulaye Touré Nantes 2020,Abdoulaye Touré,2020,Ligue 1,Nantes,DM,Defensive Midfield,FRA,1994,28,29,58,1682,2.48,2.93,2.69,2.35,2.3,3.26,3.04,2.15,2.62,3.59,2.02,2.74,2.2,2.29,2.33,2.5,2.34,2.83,1.4,2.18,3.59
230,Salis Abdul Samed Clermont Foot 2021,Salis Abdul Samed,2021,Ligue 1,Clermont Foot,DM,Defensive Midfield,GHA,2000,22,31,79,2449,2.45,2.18,2.52,2.85,1.97,1.95,1.96,2.7,2.71,2.17,2.3,2.89,2.82,3.02,3.87,1.99,2.92,1.98,2.25,1.94,1.56
231,Laurent Abergel Lorient 2021,Laurent Abergel,2021,Ligue 1,Lorient,DM,Defensive Midfield,FRA,1993,29,34,87,2958,2.59,2.2,3.23,2.38,2.61,2.25,2.52,1.46,2.43,3.38,3.74,3.45,2.13,2.24,2.05,2.67,2.54,1.49,3.23,2.52,2.94
232,Lucien Agoume Brest 2021,Lucien Agoume,2021,Ligue 1,Brest,DM,Defensive Midfield,FRA,2002,20,27,69,1863,2.37,2.13,2.15,2.21,2.85,2.14,1.84,1.56,3.32,2.01,1.81,2.83,1.92,2.08,2.46,2.33,2.23,2.66,2.68,3.13,2.6
233,Jean-Eudes Aholou Strasbourg 2021,Jean-Eudes Aholou,2021,Ligue 1,Strasbourg,DM,Defensive Midfield,CIV,1994,28,25,40,1000,2.25,3.58,2.73,1.72,2.06,3.85,3.63,2.44,3.96,3.26,2.47,3.09,1.85,1.42,2.35,1.8,2.03,2.43,1.01,2.4,2.54
234,Benjamin André Lille 2021,Benjamin André,2021,Ligue 1,Lille,DM,Defensive Midfield,FRA,1990,32,33,83,2739,2.77,2.65,2.41,2.58,3.36,2.68,2.14,3.15,2.77,2.3,2.83,2.03,2.52,2.76,1.65,2.7,2.5,4.44,3.36,3.72,1.38
235,Xavier Chavalerin Troyes 2021,Xavier Chavalerin,2021,Ligue 1,Troyes,DM,Defensive Midfield,FRA,1991,31,34,80,2720,2.13,3.32,3.15,1.4,1.9,3.2,3.05,4.34,2.94,3.02,5.94,2.24,1.05,1.23,0.74,1.94,1.52,1.53,2.05,1.3,3.53
236,Pedro Chirivella Nantes 2021,Pedro Chirivella,2021,Ligue 1,Nantes,DM,Defensive Midfield,ESP,1997,25,31,85,2635,2.46,2.71,2.11,2.95,1.91,2.55,2.18,3.93,2.6,2.9,2.08,1.32,2.02,2.81,2.8,3.44,2.74,1.5,1.36,1.74,3.63
237,Joris Chotard Montpellier 2021,Joris Chotard,2021,Ligue 1,Montpellier,DM,Defensive Midfield,FRA,2001,21,36,82,2952,1.95,2.0,1.8,1.82,2.23,1.95,1.75,2.62,1.77,1.63,2.81,1.52,1.15,1.62,2.48,1.82,1.92,1.82,1.15,2.59,3.49
238,Lucas Douath Saint-Étienne 2021,Lucas Douath,2021,Ligue 1,Saint-Étienne,DM,Defensive Midfield,FRA,2003,19,31,58,1798,2.25,2.55,2.35,1.96,2.45,2.68,2.09,2.95,2.4,1.69,2.5,2.7,2.66,1.84,3.15,1.64,1.96,1.99,3.03,2.37,2.12
239,Cheick Doucouré Lens 2021,Cheick Doucouré,2021,Ligue 1,Lens,DM,Defensive Midfield,MLI,2000,22,34,87,2958,2.8,2.36,2.99,3.11,2.42,2.19,2.82,2.12,2.47,4.2,1.51,2.53,3.66,2.88,2.97,3.74,2.96,1.72,2.86,2.23,2.88
240,Fransérgio Bordeaux 2021,Fransérgio,2021,Ligue 1,Bordeaux,DM,Defensive Midfield,BRA,1990,32,26,48,1248,1.72,2.44,1.44,1.36,2.1,2.73,2.71,1.13,2.6,1.7,1.68,0.81,1.56,1.45,-0.15,1.69,1.6,3.2,1.53,2.29,1.5
241,Idrissa Gana Gueye Paris S-G 2021,Idrissa Gana Gueye,2021,Ligue 1,Paris S-G,DM,Defensive Midfield,SEN,1989,33,26,63,1638,3.18,3.65,2.94,3.83,2.2,3.73,3.7,3.81,3.06,3.21,1.92,2.93,3.82,4.05,4.15,3.29,3.78,1.45,3.04,2.02,2.02
242,Johan Gastien Clermont Foot 2021,Johan Gastien,2021,Ligue 1,Clermont Foot,DM,Defensive Midfield,FRA,1988,34,32,86,2752,3.19,1.96,2.96,4.04,2.72,1.71,2.16,1.78,2.72,3.15,3.69,1.77,3.29,4.51,2.25,4.19,3.66,1.69,2.52,3.19,2.85
243,Pape Gueye Marseille 2021,Pape Gueye,2021,Ligue 1,Marseille,DM,Defensive Midfield,SEN,1999,23,28,55,1540,2.47,2.49,1.93,2.84,2.3,2.66,3.37,1.02,2.27,2.12,1.76,1.04,2.96,2.76,3.46,2.65,2.93,2.52,2.27,2.26,2.2
244,Josuha Guilavogui Bordeaux 2021,Josuha Guilavogui,2021,Ligue 1,Bordeaux,DM,Defensive Midfield,FRA,1990,32,15,89,1335,2.7,3.0,2.39,2.52,3.04,3.6,2.8,2.63,1.74,2.95,2.41,1.79,2.29,2.59,1.98,2.62,2.55,2.62,2.83,3.49,2.65
245,Bonke Innocent Lorient 2021,Bonke Innocent,2021,Ligue 1,Lorient,DM,Defensive Midfield,NGA,1996,26,12,73,876,2.06,1.62,1.81,1.76,2.86,1.66,1.48,1.89,1.42,1.85,2.65,1.71,0.84,1.59,3.3,1.3,1.89,2.63,3.26,3.15,1.69
246,Boubacar Kamara Marseille 2021,Boubacar Kamara,2021,Ligue 1,Marseille,DM,Defensive Midfield,FRA,1999,23,34,82,2788,3.03,2.27,2.39,3.74,2.83,2.07,1.85,2.72,3.11,2.3,2.43,1.85,3.11,4.17,3.65,2.9,3.76,2.75,3.08,2.55,3.22
247,Paul Lasne Brest 2021,Paul Lasne,2021,Ligue 1,Brest,DM,Defensive Midfield,FRA,1989,33,15,56,840,2.36,2.1,2.59,2.15,2.6,1.89,1.92,1.67,3.64,3.73,3.25,1.46,1.6,1.95,2.51,2.43,2.1,1.8,2.45,2.62,3.6
248,Mario Lemina Nice 2021,Mario Lemina,2021,Ligue 1,Nice,DM,Defensive Midfield,GAB,1993,29,32,61,1952,2.63,3.05,2.43,2.6,2.6,3.28,2.64,3.36,2.55,1.56,2.09,3.09,3.26,2.58,3.09,2.24,2.86,2.52,2.87,2.65,2.12
249,Fabien Lemoine Lorient 2021,Fabien Lemoine,2021,Ligue 1,Lorient,DM,Defensive Midfield,FRA,1987,35,21,53,1113,2.75,1.73,2.52,3.29,2.62,1.78,1.17,1.89,2.26,2.9,2.23,2.18,2.73,3.63,3.12,2.89,3.01,1.88,3.09,2.94,1.73
250,Dion Lopy Reims 2021,Dion Lopy,2021,Ligue 1,Reims,DM,Defensive Midfield,SEN,2002,20,26,63,1638,1.88,2.08,1.95,1.52,2.25,2.07,2.06,1.56,2.77,1.67,1.27,2.83,2.08,1.29,2.76,1.31,1.67,2.22,2.83,1.88,2.23
251,Yohann Magnin Clermont Foot 2021,Yohann Magnin,2021,Ligue 1,Clermont Foot,DM,Defensive Midfield,FRA,1997,25,24,72,1728,2.28,2.52,2.06,2.04,2.66,2.49,2.38,2.62,2.73,2.01,3.04,1.6,1.52,2.13,1.76,1.94,2.08,3.26,2.98,1.86,3.54
252,Habib Maïga Metz 2021,Habib Maïga,2021,Ligue 1,Metz,DM,Defensive Midfield,CIV,1996,26,17,75,1275,2.35,3.52,2.82,1.71,2.38,3.69,3.36,3.95,2.63,2.49,4.54,2.48,1.59,1.71,1.39,1.78,1.78,2.84,2.98,2.17,1.5
253,Pape Matar Sarr Metz 2021,Pape Matar Sarr,2021,Ligue 1,Metz,DM,Defensive Midfield,SEN,2002,20,33,65,2145,2.34,2.53,2.83,1.98,2.4,2.48,3.18,2.06,2.21,3.55,1.27,3.51,2.89,1.81,2.08,2.3,1.96,2.53,1.98,2.48,2.77
254,Azor Matusiwa Reims 2021,Azor Matusiwa,2021,Ligue 1,Reims,DM,Defensive Midfield,NED,1998,24,29,85,2465,2.16,1.87,1.88,1.95,2.77,1.71,1.63,2.96,1.49,2.07,1.53,2.36,1.47,1.83,2.41,2.02,1.91,2.29,2.21,3.35,2.69
255,Thiago Mendes Lyon 2021,Thiago Mendes,2021,Ligue 1,Lyon,DM,Defensive Midfield,BRA,1992,30,29,64,1856,3.01,2.54,2.35,3.6,2.85,2.37,2.03,3.9,2.29,2.73,1.63,2.1,3.0,3.94,3.27,3.23,3.37,2.19,2.53,3.2,3.17
256,Batista Mendy Angers 2021,Batista Mendy,2021,Ligue 1,Angers,DM,Defensive Midfield,FRA,2000,22,34,71,2414,2.11,2.09,1.92,2.16,2.18,2.01,2.06,2.7,1.65,1.42,2.0,2.19,2.22,2.04,2.77,1.98,2.3,1.84,2.13,2.26,2.43
257,Thomas Monconduit Lorient 2021,Thomas Monconduit,2021,Ligue 1,Lorient,DM,Defensive Midfield,FRA,1991,31,34,66,2244,2.62,2.93,3.31,2.47,2.21,2.65,3.39,3.49,2.37,4.31,3.45,2.82,2.34,2.33,1.17,3.37,2.46,2.78,1.49,2.39,2.38
258,Marshall Munetsi Reims 2021,Marshall Munetsi,2021,Ligue 1,Reims,DM,Defensive Midfield,ZIM,1996,26,24,79,1896,2.18,4.97,1.47,1.2,2.78,5.77,5.83,3.64,2.49,1.81,1.57,1.2,1.19,1.13,1.73,0.96,1.38,3.39,2.19,3.23,2.03
259,Kévin N'Doram Metz 2021,Kévin N'Doram,2021,Ligue 1,Metz,DM,Defensive Midfield,FRA,1996,26,19,65,1235,1.89,2.35,1.66,1.68,2.11,3.0,2.23,1.24,1.74,2.39,1.72,1.06,1.34,1.47,2.03,1.92,1.7,2.33,1.57,2.26,2.41
260,Yvan Neyou Saint-Étienne 2021,Yvan Neyou,2021,Ligue 1,Saint-Étienne,DM,Defensive Midfield,CMR,1997,25,16,59,944,2.1,1.74,1.88,2.17,2.31,1.53,2.16,1.89,1.57,2.15,1.55,1.86,1.95,2.1,2.29,2.05,2.45,1.51,2.37,2.79,1.79
261,Amadou Onana Lille 2021,Amadou Onana,2021,Ligue 1,Lille,DM,Defensive Midfield,BEL,2001,21,32,42,1344,2.43,3.69,2.28,2.07,2.47,4.42,4.46,1.62,2.49,3.0,1.64,2.34,1.97,1.85,2.23,2.32,2.23,2.72,2.72,2.38,2.05
262,Jean Onana Bordeaux 2021,Jean Onana,2021,Ligue 1,Bordeaux,DM,Defensive Midfield,CMR,2000,22,23,80,1840,2.87,3.13,2.93,2.4,3.37,3.08,2.52,4.48,2.63,3.24,2.6,3.35,2.4,2.51,1.65,2.6,2.28,3.28,3.75,3.53,2.45
263,Otávio Bordeaux 2021,Otávio,2021,Ligue 1,Bordeaux,DM,Defensive Midfield,BRA,1994,28,16,72,1152,2.25,1.69,1.93,2.6,2.24,1.53,2.1,1.89,1.31,1.79,1.93,1.92,2.13,2.65,3.41,2.09,2.65,1.44,2.97,1.98,2.45
264,Vincent Pajot Metz 2021,Vincent Pajot,2021,Ligue 1,Metz,DM,Defensive Midfield,FRA,1990,32,30,77,2310,2.07,2.26,1.91,1.86,2.4,2.32,1.75,3.02,1.93,1.81,2.11,2.05,1.67,1.73,2.79,1.62,1.93,2.26,2.7,2.55,1.68
265,Leandro Paredes Paris S-G 2021,Leandro Paredes,2021,Ligue 1,Paris S-G,DM,Defensive Midfield,ARG,1994,28,15,56,840,3.38,2.52,2.51,4.9,2.24,2.3,2.11,4.11,2.0,2.75,1.27,1.75,4.6,5.65,4.59,3.89,4.43,1.04,2.86,1.96,3.12
266,Danilo Pereira Paris S-G 2021,Danilo Pereira,2021,Ligue 1,Paris S-G,DM,Defensive Midfield,POR,1991,31,27,75,2025,2.77,4.38,1.68,3.21,2.15,5.07,4.0,4.77,2.12,1.22,1.27,1.53,2.99,3.57,4.31,1.93,3.31,2.48,1.11,2.03,3.86
267,Pablo Rosario Nice 2021,Pablo Rosario,2021,Ligue 1,Nice,DM,Defensive Midfield,NED,1997,25,36,76,2736,2.52,1.96,2.44,2.82,2.43,2.02,1.82,1.67,2.36,2.55,2.72,2.04,2.44,2.75,3.1,2.81,2.82,2.63,2.2,2.28,3.0
268,Baptiste Santamaria Rennes 2021,Baptiste Santamaria,2021,Ligue 1,Rennes,DM,Defensive Midfield,FRA,1995,27,34,74,2516,2.54,2.62,2.48,2.58,2.48,2.54,2.73,2.82,2.43,2.4,2.74,2.41,2.35,2.66,2.81,2.22,2.68,3.4,1.39,2.61,3.07
269,Ibrahima Sissoko Strasbourg 2021,Ibrahima Sissoko,2021,Ligue 1,Strasbourg,DM,Defensive Midfield,FRA,1997,25,35,66,2310,2.59,3.35,3.65,1.98,2.34,3.39,3.04,2.71,4.56,4.44,3.98,3.28,2.62,1.7,1.72,2.54,2.15,3.32,1.38,2.71,2.04
270,Florian Tardieu Troyes 2021,Florian Tardieu,2021,Ligue 1,Troyes,DM,Defensive Midfield,FRA,1992,30,30,88,2640,3.03,2.29,3.39,3.37,2.65,2.54,1.94,1.78,2.64,4.8,3.85,1.91,2.66,3.52,2.28,3.88,2.93,2.4,2.13,2.68,3.7
271,Aurélien Tchouaméni Monaco 2021,Aurélien Tchouaméni,2021,Ligue 1,Monaco,DM,Defensive Midfield,FRA,2000,22,35,84,2940,3.19,2.91,3.27,3.21,3.24,2.71,3.19,2.9,3.14,3.17,3.51,2.96,3.48,3.19,2.82,3.62,2.98,3.25,3.13,3.69,2.3
272,Khéphren Thuram-Ulie Nice 2021,Khéphren Thuram-Ulie,2021,Ligue 1,Nice,DM,Defensive Midfield,FRA,2001,21,36,53,1908,2.97,4.35,3.49,2.7,2.33,4.77,3.84,4.16,3.98,4.08,2.52,3.38,3.97,2.55,2.91,2.93,2.66,1.94,2.14,2.39,2.9
273,Sander Berge Sheffield Utd 2019,Sander Berge,2019,Premier League,Sheffield Utd,DM,Defensive Midfield,NOR,1998,24,14,67,938,2.28,3.12,3.02,1.59,2.34,2.99,2.47,3.95,3.6,1.56,4.98,3.64,1.91,1.35,1.39,1.86,2.01,3.24,2.62,1.58,2.91
274,Étienne Capoue Watford 2019,Étienne Capoue,2019,Premier League,Watford,DM,Defensive Midfield,FRA,1988,34,30,88,2640,2.38,1.87,2.61,2.2,2.72,1.89,1.8,1.74,2.08,2.85,2.46,3.18,1.76,2.15,1.96,2.41,2.19,2.71,2.71,3.12,1.73
275,Nathaniel Chalobah Watford 2019,Nathaniel Chalobah,2019,Premier League,Watford,DM,Defensive Midfield,ENG,1994,28,22,42,924,2.01,2.04,2.31,1.36,2.73,2.08,1.89,1.61,2.69,3.16,2.28,2.16,1.32,1.22,0.75,1.9,1.37,2.6,2.96,2.32,3.5
276,Jack Cork Burnley 2019,Jack Cork,2019,Premier League,Burnley,DM,Defensive Midfield,ENG,1989,33,30,87,2610,1.9,2.4,1.96,1.27,2.52,2.69,2.56,1.35,2.43,1.43,2.1,2.82,1.48,1.06,1.66,1.36,1.43,2.97,2.17,2.28,3.26
277,Leander Dendoncker Wolves 2019,Leander Dendoncker,2019,Premier League,Wolves,DM,Defensive Midfield,BEL,1995,27,38,74,2812,2.12,3.04,1.78,1.68,2.56,3.06,2.42,4.62,2.04,1.25,1.96,2.27,1.69,1.67,2.41,1.24,1.82,3.51,2.25,2.05,3.42
278,Fabinho Liverpool 2019,Fabinho,2019,Premier League,Liverpool,DM,Defensive Midfield,BRA,1993,29,28,74,2072,2.83,2.49,2.42,3.14,2.83,2.14,2.06,4.1,2.41,2.84,2.06,2.11,2.67,3.29,3.01,2.88,3.18,2.68,3.26,2.67,2.66
279,Fernandinho Manchester City 2019,Fernandinho,2019,Premier League,Manchester City,DM,Defensive Midfield,BRA,1985,37,30,80,2400,3.03,1.96,2.51,4.04,2.44,2.16,2.07,1.61,1.52,1.54,1.7,2.14,5.3,4.38,3.55,3.8,3.76,3.15,2.16,2.48,2.11
280,Isaac Hayden Newcastle Utd 2019,Isaac Hayden,2019,Premier League,Newcastle Utd,DM,Defensive Midfield,ENG,1995,27,29,77,2233,2.03,2.48,2.87,1.26,2.34,2.54,2.31,2.52,2.5,2.28,4.21,3.5,1.27,1.14,1.07,1.42,1.47,2.77,2.27,2.02,2.83
281,Jorginho Chelsea 2019,Jorginho,2019,Premier League,Chelsea,DM,Defensive Midfield,ITA,1991,31,31,77,2387,3.31,2.9,2.76,4.16,2.67,3.29,1.89,3.41,2.62,3.41,1.7,2.39,3.59,4.47,3.14,4.35,3.68,1.43,2.78,3.15,2.5
282,N'Golo Kanté Chelsea 2019,N'Golo Kanté,2019,Premier League,Chelsea,DM,Defensive Midfield,FRA,1991,31,22,79,1738,3.26,3.72,3.88,3.02,2.95,3.6,3.29,4.1,4.36,3.95,4.3,3.9,3.23,2.87,2.7,3.39,3.13,2.06,3.58,3.28,1.93
283,Jefferson Lerma Bournemouth 2019,Jefferson Lerma,2019,Premier League,Bournemouth,DM,Defensive Midfield,COL,1994,28,33,82,2706,2.24,2.18,2.06,2.03,2.7,2.15,2.13,2.57,1.89,2.07,1.65,2.69,1.8,1.94,1.66,2.37,2.03,2.67,2.69,3.1,1.75
284,Douglas Luiz Aston Villa 2019,Douglas Luiz,2019,Premier League,Aston Villa,DM,Defensive Midfield,BRA,1998,24,36,73,2628,2.26,3.1,2.66,1.92,2.06,3.07,3.68,2.91,2.46,2.29,2.86,3.12,2.37,1.69,1.97,2.25,2.08,2.16,2.06,2.07,1.93
285,Nemanja Matić Manchester Utd 2019,Nemanja Matić,2019,Premier League,Manchester Utd,DM,Defensive Midfield,SRB,1988,34,21,75,1575,2.93,1.87,3.21,3.44,2.48,1.68,1.74,2.0,2.56,3.39,1.73,3.57,4.33,3.59,3.19,3.42,3.24,2.51,1.98,2.76,2.59
286,Luka Milivojević Crystal Palace 2019,Luka Milivojević,2019,Premier League,Crystal Palace,DM,Defensive Midfield,SRB,1991,31,31,81,2511,2.33,2.45,2.62,2.29,2.12,2.45,2.66,2.37,2.15,2.66,3.95,1.88,1.86,2.44,1.67,2.37,2.17,2.23,2.02,2.44,1.36
287,Marvelous Nakamba Aston Villa 2019,Marvelous Nakamba,2019,Premier League,Aston Villa,DM,Defensive Midfield,ZIM,1994,28,29,63,1827,2.07,1.67,1.84,1.63,3.03,1.6,1.55,2.0,1.68,1.68,1.55,2.47,1.62,1.52,2.44,1.31,1.87,1.9,3.96,2.83,3.08
288,Wilfred Ndidi Leicester City 2019,Wilfred Ndidi,2019,Premier League,Leicester City,DM,Defensive Midfield,NGA,1996,26,32,84,2688,2.66,2.67,1.97,2.44,3.45,2.79,2.34,3.3,2.01,1.62,1.58,2.71,2.03,2.62,2.7,1.83,2.59,3.32,4.15,3.63,1.93
289,Rúben Neves Wolves 2019,Rúben Neves,2019,Premier League,Wolves,DM,Defensive Midfield,POR,1997,25,38,80,3040,2.53,2.48,2.5,2.65,2.39,2.32,3.09,2.55,1.94,2.73,2.45,2.59,2.13,2.72,2.01,2.8,2.66,1.78,1.95,2.67,3.03
290,Declan Rice West Ham 2019,Declan Rice,2019,Premier League,West Ham,DM,Defensive Midfield,ENG,1999,23,38,90,3420,2.43,2.2,2.68,2.11,2.79,2.04,2.45,2.34,2.18,2.16,2.96,3.17,2.48,1.93,2.92,2.1,2.13,2.4,3.19,2.5,3.27
291,Rodri Manchester City 2019,Rodri,2019,Premier League,Manchester City,DM,Defensive Midfield,ESP,1996,26,35,71,2485,3.43,2.87,3.03,4.51,2.44,2.53,2.85,3.81,2.91,3.28,1.75,2.88,4.44,5.04,3.97,3.91,4.24,3.03,2.36,2.24,2.47
292,Oriol Romeu Southampton 2019,Oriol Romeu,2019,Premier League,Southampton,DM,Defensive Midfield,ESP,1991,31,30,62,1860,2.43,1.65,2.3,2.33,3.03,1.6,1.42,2.0,1.72,2.53,2.21,2.4,1.99,2.24,2.28,2.6,2.26,2.84,3.2,3.34,2.13
293,Morgan Schneiderlin Everton 2019,Morgan Schneiderlin,2019,Premier League,Everton,DM,Defensive Midfield,FRA,1989,33,15,67,1005,2.26,1.87,2.01,2.57,2.16,1.97,1.69,1.74,1.95,1.8,2.29,2.0,1.97,2.32,3.05,3.01,2.34,2.57,2.4,2.45,0.63
294,Tomáš Souček West Ham 2019,Tomáš Souček,2019,Premier League,West Ham,DM,Defensive Midfield,CZE,1995,27,13,80,1040,2.19,4.88,1.24,1.04,3.26,5.32,5.53,4.13,3.18,1.36,1.64,0.93,0.95,1.13,-0.27,1.34,1.19,4.79,3.33,2.42,3.73
295,Alexander Tettey Norwich City 2019,Alexander Tettey,2019,Premier League,Norwich City,DM,Defensive Midfield,NOR,1986,36,30,78,2340,2.11,2.15,1.82,2.05,2.38,2.09,2.12,2.71,1.69,1.39,1.52,2.34,2.13,2.11,3.19,1.23,2.3,2.45,1.25,2.75,3.24
296,Lucas Torreira Arsenal 2019,Lucas Torreira,2019,Premier League,Arsenal,DM,Defensive Midfield,URU,1996,26,29,52,1508,2.5,3.1,2.46,2.48,2.29,3.25,3.75,1.95,2.89,2.74,2.04,2.64,2.36,2.51,3.07,2.0,2.68,1.44,2.47,2.77,1.63
297,Tom Trybull Norwich City 2019,Tom Trybull,2019,Premier League,Norwich City,DM,Defensive Midfield,GER,1993,29,16,71,1136,2.22,1.9,1.67,2.16,2.85,1.89,2.24,1.74,1.54,1.14,1.44,2.25,1.99,2.13,3.81,1.44,2.19,2.71,4.14,2.42,1.92
298,Ashley Westwood Burnley 2019,Ashley Westwood,2019,Premier League,Burnley,DM,Defensive Midfield,ENG,1990,32,35,90,3150,2.39,2.56,3.12,2.33,1.91,2.58,1.91,3.54,2.36,4.42,4.39,1.52,1.71,2.33,1.28,2.86,2.24,1.38,1.49,1.99,2.92
299,Harry Winks Tottenham 2019,Harry Winks,2019,Premier League,Tottenham,DM,Defensive Midfield,ENG,1996,26,31,72,2232,2.62,1.82,2.62,3.29,2.03,1.71,1.81,1.87,2.16,2.3,2.73,2.19,3.48,3.35,3.22,3.27,3.18,1.98,2.07,1.72,2.8
300,Granit Xhaka Arsenal 2019,Granit Xhaka,2019,Premier League,Arsenal,DM,Defensive Midfield,SUI,1992,30,31,83,2573,2.63,2.02,2.62,3.24,2.06,1.74,1.7,3.02,2.26,2.17,2.44,2.94,3.08,3.27,3.04,3.38,3.08,2.79,1.75,2.12,1.69
301,Sander Berge Sheffield Utd 2020,Sander Berge,2020,Premier League,Sheffield Utd,DM,Defensive Midfield,NOR,1998,24,15,75,1125,2.23,2.57,3.75,1.68,1.79,2.47,2.09,1.61,4.95,3.26,4.77,4.0,2.89,1.41,1.99,1.71,2.19,2.33,2.14,1.09,2.45
302,Jack Cork Burnley 2020,Jack Cork,2020,Premier League,Burnley,DM,Defensive Midfield,ENG,1989,33,16,84,1344,1.75,1.91,1.71,1.35,2.26,1.95,1.52,1.87,2.47,1.89,2.04,1.37,1.45,1.13,2.32,1.34,1.34,2.89,1.98,1.89,3.05
303,Leander Dendoncker Wolves 2020,Leander Dendoncker,2020,Premier League,Wolves,DM,Defensive Midfield,BEL,1995,27,33,76,2508,2.21,3.05,1.96,1.87,2.46,3.53,3.76,1.32,2.35,2.07,2.14,1.9,1.68,1.72,3.07,1.54,1.97,3.38,2.18,1.98,3.23
304,Ibrahima Diallo Southampton 2020,Ibrahima Diallo,2020,Premier League,Southampton,DM,Defensive Midfield,FRA,1999,23,22,46,1012,2.4,2.25,2.64,2.33,2.4,2.43,2.49,1.48,2.19,2.35,2.8,3.01,2.4,2.37,2.49,1.99,2.56,1.82,3.55,2.25,1.41
305,Mohamed Elneny Arsenal 2020,Mohamed Elneny,2020,Premier League,Arsenal,DM,Defensive Midfield,EGY,1992,30,23,67,1541,2.27,2.37,1.92,2.81,1.7,2.34,2.03,3.37,1.78,1.31,1.78,2.0,2.84,2.81,4.06,2.26,2.79,1.31,1.17,1.51,3.44
306,Fabinho Liverpool 2020,Fabinho,2020,Premier League,Liverpool,DM,Defensive Midfield,BRA,1993,29,30,86,2580,2.66,1.72,1.78,3.29,2.83,1.68,1.52,2.0,1.81,1.15,1.62,1.39,3.34,3.71,3.63,2.29,3.27,3.02,2.36,3.01,3.0
307,Fernandinho Manchester City 2020,Fernandinho,2020,Premier League,Manchester City,DM,Defensive Midfield,BRA,1985,37,21,57,1197,3.17,2.45,3.11,3.92,2.48,2.38,2.87,1.35,3.35,3.21,2.49,2.65,4.31,3.93,3.04,4.64,3.48,2.91,2.8,2.57,1.33
308,Isaac Hayden Newcastle Utd 2020,Isaac Hayden,2020,Premier League,Newcastle Utd,DM,Defensive Midfield,ENG,1995,27,24,81,1944,1.86,1.85,1.8,1.42,2.55,1.79,1.85,1.87,2.02,1.3,2.71,1.95,1.2,1.35,1.83,1.29,1.51,3.16,2.05,2.94,1.77
309,Jorginho Chelsea 2020,Jorginho,2020,Premier League,Chelsea,DM,Defensive Midfield,ITA,1991,31,28,72,2016,3.09,2.36,2.72,3.74,2.74,2.91,1.26,2.13,2.6,3.43,1.57,2.7,3.18,4.1,3.31,3.35,3.58,1.78,3.42,2.62,2.89
310,N'Golo Kanté Chelsea 2020,N'Golo Kanté,2020,Premier League,Chelsea,DM,Defensive Midfield,FRA,1991,31,30,72,2160,2.86,2.28,2.83,2.94,3.04,2.4,2.16,1.61,2.92,2.86,2.15,3.38,2.94,3.12,2.81,2.56,3.02,1.83,3.69,3.48,2.02
311,Mario Lemina Fulham 2020,Mario Lemina,2020,Premier League,Fulham,DM,Defensive Midfield,GAB,1993,29,28,61,1708,2.39,2.45,2.61,2.1,2.62,2.43,2.35,2.94,2.11,1.95,2.04,3.89,2.65,1.97,2.56,2.07,2.24,2.09,2.96,2.77,2.2
312,Jake Livermore West Brom 2020,Jake Livermore,2020,Premier League,West Brom,DM,Defensive Midfield,ENG,1989,33,18,69,1242,1.47,1.7,1.4,0.92,2.2,1.76,1.4,2.0,1.6,1.28,2.2,1.1,0.95,0.75,0.68,1.24,1.07,2.35,2.11,2.62,1.18
313,Douglas Luiz Aston Villa 2020,Douglas Luiz,2020,Premier League,Aston Villa,DM,Defensive Midfield,BRA,1998,24,33,84,2772,2.23,2.23,2.44,2.15,2.2,2.27,2.67,1.48,2.25,2.35,2.44,2.62,2.34,1.99,2.75,2.24,2.08,2.35,2.15,2.43,1.53
314,Nemanja Matić Manchester Utd 2020,Nemanja Matić,2020,Premier League,Manchester Utd,DM,Defensive Midfield,SRB,1988,34,20,55,1100,3.14,2.12,3.21,3.88,2.51,1.87,2.26,1.87,3.04,2.12,2.67,3.4,5.16,4.18,3.53,3.69,3.55,2.6,2.12,2.51,3.04
315,Nampalys Mendy Leicester City 2020,Nampalys Mendy,2020,Premier League,Leicester City,DM,Defensive Midfield,SEN,1992,30,23,63,1449,2.25,1.71,1.84,2.75,2.07,1.52,1.73,2.0,1.94,1.61,1.44,1.72,2.79,2.9,3.58,2.0,2.83,1.75,2.39,1.82,2.49
316,Luka Milivojević Crystal Palace 2020,Luka Milivojević,2020,Premier League,Crystal Palace,DM,Defensive Midfield,SRB,1991,31,31,76,2356,2.26,2.06,2.33,2.22,2.36,2.17,2.27,1.74,1.75,2.36,2.71,2.2,1.97,2.11,2.11,2.5,2.19,2.33,2.47,2.51,1.84
317,Wilfred Ndidi Leicester City 2020,Wilfred Ndidi,2020,Premier League,Leicester City,DM,Defensive Midfield,NGA,1996,26,26,84,2184,2.68,2.27,2.1,2.47,3.57,2.17,1.83,3.4,1.92,2.56,1.67,1.91,2.23,2.7,3.07,1.72,2.48,2.89,4.42,3.98,1.78
318,Rúben Neves Wolves 2020,Rúben Neves,2020,Premier League,Wolves,DM,Defensive Midfield,POR,1997,25,36,74,2664,2.93,3.29,2.6,3.13,2.71,3.47,4.29,1.98,2.61,3.12,2.63,1.9,2.69,3.24,2.59,3.24,3.05,2.04,3.39,2.72,2.23
319,Thomas Partey Arsenal 2020,Thomas Partey,2020,Premier League,Arsenal,DM,Defensive Midfield,GHA,1993,29,24,64,1536,2.93,2.42,2.92,3.3,2.63,2.51,3.2,1.09,2.49,2.75,1.67,3.64,3.81,3.26,2.93,3.65,3.18,2.34,2.91,2.53,2.74
320,Kalvin Phillips Leeds United 2020,Kalvin Phillips,2020,Premier League,Leeds United,DM,Defensive Midfield,ENG,1995,27,29,84,2436,2.61,2.03,3.0,2.53,2.72,1.71,2.01,2.82,2.18,3.79,3.44,2.31,2.19,2.5,2.52,2.73,2.35,2.21,3.13,3.09,1.56
321,Harrison Reed Fulham 2020,Harrison Reed,2020,Premier League,Fulham,DM,Defensive Midfield,ENG,1995,27,31,72,2232,2.59,1.78,2.5,2.67,2.93,1.52,1.91,2.0,2.18,2.73,2.68,2.32,2.2,2.79,2.93,2.44,2.46,2.17,2.93,3.45,2.37
322,Declan Rice West Ham 2020,Declan Rice,2020,Premier League,West Ham,DM,Defensive Midfield,ENG,1999,23,32,90,2880,2.54,2.53,3.03,2.19,2.72,2.56,2.62,2.14,2.75,2.41,3.69,3.12,2.99,2.05,2.85,2.08,2.29,2.48,2.33,2.57,3.99
323,Jaïro Riedewald Crystal Palace 2020,Jaïro Riedewald,2020,Premier League,Crystal Palace,DM,Defensive Midfield,NED,1996,26,33,55,1815,1.84,2.83,1.92,1.37,1.99,2.7,1.95,4.72,2.38,1.91,2.01,2.23,1.46,1.01,2.5,1.5,1.46,1.75,1.72,1.8,3.16
324,Rodri Manchester City 2020,Rodri,2020,Premier League,Manchester City,DM,Defensive Midfield,ESP,1996,26,34,81,2754,3.48,2.77,3.03,4.26,3.02,2.71,2.84,2.11,3.69,3.08,2.2,2.95,4.04,4.86,3.74,3.43,4.06,3.18,3.42,2.9,2.5
325,Oriol Romeu Southampton 2020,Oriol Romeu,2020,Premier League,Southampton,DM,Defensive Midfield,ESP,1991,31,21,84,1764,2.63,2.26,2.46,2.83,2.64,1.95,2.19,3.0,2.53,2.62,2.01,2.31,2.98,3.14,2.1,2.51,2.9,2.71,2.74,2.78,2.03
326,Tomáš Souček West Ham 2020,Tomáš Souček,2020,Premier League,West Ham,DM,Defensive Midfield,CZE,1995,27,38,90,3420,2.46,5.33,1.84,1.53,2.86,6.28,6.26,3.35,2.96,1.85,2.05,1.9,1.53,1.6,0.98,1.69,1.48,5.09,1.88,3.05,1.78
327,Ashley Westwood Burnley 2020,Ashley Westwood,2020,Premier League,Burnley,DM,Defensive Midfield,ENG,1990,32,38,90,3420,2.54,2.62,3.35,2.61,1.82,2.44,2.15,3.81,2.57,3.86,5.62,1.76,1.85,2.52,1.33,3.59,2.3,1.12,0.97,2.13,3.13
328,Harry Winks Tottenham 2020,Harry Winks,2020,Premier League,Tottenham,DM,Defensive Midfield,ENG,1996,26,15,57,855,2.55,1.62,1.99,3.3,2.31,1.44,1.71,2.0,1.62,1.67,1.84,1.97,2.62,3.42,2.66,3.47,3.13,2.01,2.58,2.26,2.28
329,Granit Xhaka Arsenal 2020,Granit Xhaka,2020,Premier League,Arsenal,DM,Defensive Midfield,SUI,1992,30,31,81,2511,2.91,2.25,2.4,3.98,2.03,2.09,2.35,2.6,2.21,2.44,1.89,1.72,3.83,4.04,3.43,4.52,3.44,2.58,1.62,2.05,2.15
330,Okay Yokuşlu West Brom 2020,Okay Yokuşlu,2020,Premier League,West Brom,DM,Defensive Midfield,TUR,1994,28,16,82,1312,2.23,2.12,2.11,1.54,3.34,2.46,2.12,1.35,1.97,1.65,1.89,3.4,1.43,1.36,2.26,1.59,1.51,3.18,3.21,4.07,1.84
331,Andre-Frank Zambo Anguissa Fulham 2020,Andre-Frank Zambo Anguissa,2020,Premier League,Fulham,DM,Defensive Midfield,CMR,1995,27,36,72,2592,2.8,2.55,3.91,2.4,2.71,2.3,3.02,1.35,4.11,3.13,2.57,6.61,3.32,2.21,2.48,2.63,2.55,2.76,2.79,2.67,2.61
332,Jack Cork Burnley 2021,Jack Cork,2021,Premier League,Burnley,DM,Defensive Midfield,ENG,1989,33,20,84,1680,1.72,2.61,1.77,1.09,2.16,2.8,1.91,3.68,1.8,1.22,2.45,2.24,1.13,0.94,0.88,1.44,1.14,2.77,1.56,2.33,2.16
333,Leander Dendoncker Wolves 2021,Leander Dendoncker,2021,Premier League,Wolves,DM,Defensive Midfield,BEL,1995,27,30,65,1950,2.12,3.5,1.91,1.62,2.35,3.85,4.24,2.25,2.63,2.22,2.33,1.62,1.32,1.43,2.92,1.27,1.79,2.81,2.18,1.8,3.54
334,Kiernan Dewsbury Hall Leicester City 2021,Kiernan Dewsbury Hall,2021,Premier League,Leicester City,DM,Defensive Midfield,ENG,1998,24,28,75,2100,2.75,2.75,4.29,2.45,2.08,2.57,2.52,2.48,4.09,4.39,5.95,3.26,3.41,2.33,1.28,2.84,2.98,2.03,1.77,1.83,3.28
335,Ibrahima Diallo Southampton 2021,Ibrahima Diallo,2021,Premier League,Southampton,DM,Defensive Midfield,FRA,1999,23,23,44,1012,2.28,2.29,3.44,1.66,2.33,2.16,2.87,1.61,2.59,4.01,2.87,4.34,2.2,1.46,1.91,1.9,1.71,2.2,2.75,1.62,3.56
336,Mohamed Elneny Arsenal 2021,Mohamed Elneny,2021,Premier League,Arsenal,DM,Defensive Midfield,EGY,1992,30,14,58,812,2.49,1.92,1.87,2.94,2.56,1.63,2.3,1.87,2.35,3.16,1.44,0.37,2.45,3.04,4.08,2.28,2.84,2.27,2.1,2.37,4.11
337,Fabinho Liverpool 2021,Fabinho,2021,Premier League,Liverpool,DM,Defensive Midfield,BRA,1993,29,29,80,2320,2.73,3.43,2.09,2.85,2.68,3.8,3.0,3.61,2.62,2.27,1.94,1.78,2.39,2.86,3.06,2.72,2.89,2.65,2.41,3.03,2.27
338,Fernandinho Manchester City 2021,Fernandinho,2021,Premier League,Manchester City,DM,Defensive Midfield,BRA,1985,37,19,51,969,3.29,4.07,3.02,3.87,2.3,4.5,4.22,3.66,2.83,3.49,2.26,2.66,3.72,3.93,3.55,3.99,3.76,2.8,2.32,1.97,2.61
339,Isaac Hayden Newcastle Utd 2021,Isaac Hayden,2021,Premier League,Newcastle Utd,DM,Defensive Midfield,ENG,1995,27,14,72,1008,1.72,2.74,1.8,0.99,2.23,2.68,2.07,4.3,2.09,1.1,2.57,2.45,1.04,0.86,1.83,0.85,1.02,2.9,2.31,2.2,1.52
340,Vitaly Janelt Brentford 2021,Vitaly Janelt,2021,Premier League,Brentford,DM,Defensive Midfield,GER,1998,24,31,74,2294,2.37,3.67,2.7,1.67,2.52,3.82,3.94,3.57,2.82,2.9,3.52,2.46,1.7,1.49,1.2,2.29,1.58,2.48,2.5,2.21,3.4
341,Jorginho Chelsea 2021,Jorginho,2021,Premier League,Chelsea,DM,Defensive Midfield,ITA,1991,31,29,78,2262,3.04,2.5,2.63,3.64,2.74,3.03,1.76,1.87,2.74,3.58,1.67,2.18,3.03,3.79,3.29,3.6,3.49,1.82,3.38,2.63,2.85
342,N'Golo Kanté Chelsea 2021,N'Golo Kanté,2021,Premier League,Chelsea,DM,Defensive Midfield,FRA,1991,31,26,68,1768,3.28,3.67,3.72,3.38,2.67,3.58,3.83,2.89,4.7,4.38,2.52,4.02,3.87,3.25,2.89,3.61,3.71,1.97,3.27,2.35,3.14
343,Douglas Luiz Aston Villa 2021,Douglas Luiz,2021,Premier League,Aston Villa,DM,Defensive Midfield,BRA,1998,24,34,80,2720,2.45,2.86,2.81,2.23,2.34,3.06,3.01,2.68,2.13,3.52,3.35,2.0,2.15,2.19,2.41,2.24,2.19,2.28,2.32,2.26,2.61
344,Nemanja Matić Manchester Utd 2021,Nemanja Matić,2021,Premier League,Manchester Utd,DM,Defensive Midfield,SRB,1988,34,23,60,1380,2.84,1.79,3.02,3.21,2.69,1.6,1.62,2.0,2.48,3.6,2.13,2.56,3.86,3.27,2.98,3.36,2.99,2.92,2.35,2.97,2.31
345,Nampalys Mendy Leicester City 2021,Nampalys Mendy,2021,Premier League,Leicester City,DM,Defensive Midfield,SEN,1992,30,14,74,1036,2.04,1.55,1.58,2.53,1.9,1.41,1.48,2.13,1.43,0.92,1.44,1.55,2.71,2.7,3.91,1.32,2.83,1.43,2.28,1.68,2.3
346,Marvelous Nakamba Aston Villa 2021,Marvelous Nakamba,2021,Premier League,Aston Villa,DM,Defensive Midfield,ZIM,1994,28,16,57,912,1.85,1.41,1.68,1.62,2.49,1.25,1.2,2.13,1.4,1.22,1.65,2.45,1.42,1.42,2.49,1.56,1.69,2.16,2.84,2.84,1.35
347,Wilfred Ndidi Leicester City 2021,Wilfred Ndidi,2021,Premier League,Leicester City,DM,Defensive Midfield,NGA,1996,26,19,85,1615,2.47,2.28,1.57,2.12,3.69,2.46,2.76,1.35,2.04,0.93,1.66,1.9,1.97,2.32,2.12,1.57,2.31,3.45,3.99,4.08,2.43
348,Rúben Neves Wolves 2021,Rúben Neves,2021,Premier League,Wolves,DM,Defensive Midfield,POR,1997,25,33,81,2673,2.86,3.01,2.89,3.1,2.42,2.6,3.6,3.89,2.33,2.82,3.0,2.95,2.77,3.19,2.29,3.32,3.06,1.99,2.14,2.54,3.02
349,Mathias Normann Norwich City 2021,Mathias Normann,2021,Premier League,Norwich City,DM,Defensive Midfield,NOR,1996,26,23,72,1656,2.09,2.45,2.88,1.69,1.96,2.35,2.93,2.59,1.84,2.9,3.29,3.15,2.0,1.67,0.31,2.27,1.79,2.67,1.37,2.31,1.31
350,Thomas Partey Arsenal 2021,Thomas Partey,2021,Premier League,Arsenal,DM,Defensive Midfield,GHA,1993,29,24,85,2040,2.62,3.25,2.7,2.61,2.3,3.35,4.16,2.25,2.61,2.87,1.7,3.52,2.64,2.42,2.76,2.93,2.59,2.08,2.66,2.12,2.41
351,Kalvin Phillips Leeds United 2021,Kalvin Phillips,2021,Premier League,Leeds United,DM,Defensive Midfield,ENG,1995,27,20,80,1600,2.47,2.0,2.03,2.46,3.02,1.89,2.26,1.74,2.24,1.78,2.38,1.99,2.0,2.45,2.18,2.59,2.49,2.36,4.01,3.1,1.84
352,Declan Rice West Ham 2021,Declan Rice,2021,Premier League,West Ham,DM,Defensive Midfield,ENG,1999,23,36,88,3168,2.95,2.38,3.38,3.06,2.78,2.04,2.41,2.39,3.48,2.65,3.86,3.13,4.13,2.99,3.59,3.06,2.93,2.43,2.25,3.03,3.34
353,Rodri Manchester City 2021,Rodri,2021,Premier League,Manchester City,DM,Defensive Midfield,ESP,1996,26,33,87,2871,3.46,3.95,2.48,4.29,2.76,3.66,3.78,4.85,4.13,2.82,1.94,1.54,3.81,4.74,3.91,3.69,4.1,3.14,2.65,2.61,2.94
354,Oriol Romeu Southampton 2021,Oriol Romeu,2021,Premier League,Southampton,DM,Defensive Midfield,ESP,1991,31,36,80,2880,2.62,2.56,2.62,2.42,2.92,2.37,2.22,3.14,3.09,3.38,1.96,2.52,2.49,2.38,2.18,2.54,2.5,3.07,2.92,3.05,2.45
355,Oliver Skipp Tottenham 2021,Oliver Skipp,2021,Premier League,Tottenham,DM,Defensive Midfield,ENG,2000,22,18,75,1350,2.27,1.89,2.12,2.72,1.93,1.76,1.59,2.0,2.69,2.18,2.19,1.4,2.82,2.57,3.38,2.73,2.66,1.84,1.92,1.74,2.52
356,Tomáš Souček West Ham 2021,Tomáš Souček,2021,Premier League,West Ham,DM,Defensive Midfield,CZE,1995,27,35,87,3045,2.24,3.78,1.78,1.55,2.84,4.17,4.01,3.2,2.81,1.84,2.36,1.39,1.49,1.51,1.2,1.8,1.51,5.0,1.63,2.63,3.25
357,Boubakary Soumaré Leicester City 2021,Boubakary Soumaré,2021,Premier League,Leicester City,DM,Defensive Midfield,FRA,1999,23,19,58,1102,2.11,2.08,2.2,1.96,2.26,2.13,2.14,1.74,2.25,1.91,2.39,2.52,2.01,1.91,1.77,1.89,2.32,2.97,1.92,1.78,3.29
358,Ashley Westwood Burnley 2021,Ashley Westwood,2021,Premier League,Burnley,DM,Defensive Midfield,ENG,1990,32,27,85,2295,2.17,2.0,3.06,2.07,1.79,1.97,1.81,1.74,2.7,3.87,4.63,1.87,1.46,2.01,0.73,2.9,1.95,1.18,1.09,2.03,2.92
359,Harry Winks Tottenham 2021,Harry Winks,2021,Premier League,Tottenham,DM,Defensive Midfield,ENG,1996,26,19,48,912,2.68,1.86,3.06,3.41,1.76,1.68,1.68,2.0,2.62,3.89,3.17,2.02,3.06,3.25,2.97,3.99,3.31,1.44,0.92,1.85,3.21
360,Granit Xhaka Arsenal 2021,Granit Xhaka,2021,Premier League,Arsenal,DM,Defensive Midfield,SUI,1992,30,27,86,2322,2.7,2.56,3.14,3.14,1.81,2.38,2.61,2.33,3.39,4.12,3.05,2.45,2.73,2.87,2.96,3.79,3.11,2.41,1.32,1.78,2.12
361,Sofyan Amrabat Hellas Verona 2019,Sofyan Amrabat,2019,Serie A,Hellas Verona,DM,Defensive Midfield,MAR,1996,26,34,86,2924,2.62,2.27,3.72,2.52,2.16,2.27,2.2,1.88,2.89,2.48,3.08,5.23,4.37,2.37,2.94,2.54,2.64,2.32,2.36,2.08,1.87
362,Milan Badelj Fiorentina 2019,Milan Badelj,2019,Serie A,Fiorentina,DM,Defensive Midfield,CRO,1989,33,22,72,1584,2.5,2.74,2.39,2.44,2.55,2.98,2.59,2.62,2.36,2.67,1.51,3.19,2.09,2.4,1.79,2.49,2.89,1.99,2.31,2.8,2.86
363,Valon Behrami Genoa 2019,Valon Behrami,2019,Serie A,Genoa,DM,Defensive Midfield,SUI,1985,37,17,65,1105,1.73,1.76,1.61,1.25,2.49,1.78,1.71,2.0,1.44,1.06,1.71,2.38,1.29,0.89,2.27,1.21,1.63,2.64,3.77,2.21,0.94
364,Ismaël Bennacer Milan 2019,Ismaël Bennacer,2019,Serie A,Milan,DM,Defensive Midfield,ALG,1997,25,31,80,2480,3.01,2.36,3.22,3.27,2.81,2.2,1.75,3.44,2.62,2.51,1.94,4.87,3.75,3.33,3.12,3.46,2.96,2.37,3.41,2.93,1.93
365,Marcelo Brozović Inter 2019,Marcelo Brozović,2019,Serie A,Inter,DM,Defensive Midfield,CRO,1992,30,32,84,2688,3.23,3.6,3.12,3.72,2.45,3.56,4.72,2.42,3.33,3.47,2.99,2.38,3.7,3.88,3.3,3.74,3.51,2.04,2.6,2.47,2.55
366,Gastón Brugman Parma 2019,Gastón Brugman,2019,Serie A,Parma,DM,Defensive Midfield,URU,1992,30,23,63,1449,2.03,1.72,2.02,1.69,2.65,1.54,1.57,2.11,2.11,2.33,1.67,2.14,1.89,1.37,2.3,1.97,1.78,2.19,3.31,2.49,2.42
367,Luca Cigarini Cagliari 2019,Luca Cigarini,2019,Serie A,Cagliari,DM,Defensive Midfield,ITA,1986,36,22,73,1606,2.83,1.88,3.16,3.32,2.34,1.78,1.64,2.0,2.43,4.5,3.07,2.25,2.52,3.53,2.23,3.7,2.9,1.88,2.36,2.84,1.5
368,Diego Demme Napoli 2019,Diego Demme,2019,Serie A,Napoli,DM,Defensive Midfield,GER,1991,31,15,60,900,2.9,2.96,2.43,4.01,1.64,2.74,1.91,4.62,3.41,2.2,2.07,1.77,3.99,4.39,3.84,3.33,3.99,1.8,2.5,1.29,0.93
369,Amadou Diawara Roma 2019,Amadou Diawara,2019,Serie A,Roma,DM,Defensive Midfield,GUI,1997,25,22,69,1518,2.48,2.02,2.37,2.8,2.31,2.07,2.07,2.0,1.8,2.34,1.53,2.41,3.4,2.78,3.27,2.58,2.83,1.86,2.96,1.89,2.78
370,Albin Ekdal Sampdoria 2019,Albin Ekdal,2019,Serie A,Sampdoria,DM,Defensive Midfield,SWE,1989,33,32,75,2400,2.28,2.31,2.37,1.92,2.7,2.57,2.3,1.54,2.43,2.41,1.7,2.67,2.74,1.57,2.83,2.18,1.97,2.56,2.75,2.73,2.65
371,Gabriel Lecce 2019,Gabriel,2019,Serie A,Lecce,DM,Defensive Midfield,BRA,1992,30,34,88,2992,0.66,1.35,0.72,0.66,0.31,1.3,1.09,2.22,0.85,0.75,1.33,0.45,0.27,0.28,2.98,0.02,1.11,-0.59,-1.11,-0.18,4.78
372,Mato Jajalo Udinese 2019,Mato Jajalo,2019,Serie A,Udinese,DM,Defensive Midfield,BIH,1988,34,26,63,1638,2.51,2.16,2.93,2.38,2.57,1.66,2.82,2.0,2.95,2.18,2.91,3.68,3.08,2.52,1.96,2.13,2.61,2.48,2.51,2.92,1.86
373,Lucas Leiva Lazio 2019,Lucas Leiva,2019,Serie A,Lazio,DM,Defensive Midfield,BRA,1987,35,25,72,1800,2.61,1.98,2.12,2.72,3.09,2.03,2.1,1.88,1.77,2.52,1.88,1.75,2.3,2.61,3.23,2.8,2.58,3.44,3.43,3.52,1.1
374,Manuel Locatelli Sassuolo 2019,Manuel Locatelli,2019,Serie A,Sassuolo,DM,Defensive Midfield,ITA,1998,24,33,78,2574,3.26,2.47,3.64,3.89,2.47,2.32,2.85,1.54,3.54,3.94,2.88,3.9,3.83,4.18,2.92,3.67,4.03,2.52,3.3,1.88,2.52
375,Francesco Magnanelli Sassuolo 2019,Francesco Magnanelli,2019,Serie A,Sassuolo,DM,Defensive Midfield,ITA,1984,38,22,64,1408,2.8,1.88,2.12,3.62,2.54,1.96,1.63,1.88,2.0,1.85,1.74,2.31,2.71,4.19,3.45,2.68,3.46,2.41,1.84,3.03,2.56
376,Rolando Mandragora Udinese 2019,Rolando Mandragora,2019,Serie A,Udinese,DM,Defensive Midfield,ITA,1997,25,26,79,2054,2.33,3.44,2.74,1.72,2.4,3.74,4.93,0.29,3.88,3.56,3.62,2.06,1.33,1.44,1.74,1.94,2.15,2.43,2.77,2.01,2.74
377,Gary Medel Bologna 2019,Gary Medel,2019,Serie A,Bologna,DM,Defensive Midfield,CHI,1987,35,23,78,1794,2.28,1.86,1.93,2.46,2.47,2.03,1.58,2.0,1.56,1.84,1.5,2.29,2.13,2.48,3.62,2.04,2.25,2.83,2.08,2.97,1.49
378,Simone Missiroli SPAL 2019,Simone Missiroli,2019,Serie A,SPAL,DM,Defensive Midfield,ITA,1986,36,34,82,2788,2.16,2.42,1.99,1.99,2.41,2.51,2.04,2.63,2.47,1.69,1.69,2.54,2.11,1.79,2.45,2.08,2.12,3.13,0.95,2.63,3.57
379,Jacopo Petriccione Lecce 2019,Jacopo Petriccione,2019,Serie A,Lecce,DM,Defensive Midfield,ITA,1995,27,31,69,2139,2.5,2.12,3.52,2.59,1.82,1.72,2.49,2.0,3.03,3.86,4.89,2.31,2.89,2.29,2.83,2.92,2.8,1.3,1.71,1.71,2.79
380,Erick Pulgar Fiorentina 2019,Erick Pulgar,2019,Serie A,Fiorentina,DM,Defensive Midfield,CHI,1994,28,37,80,2960,2.58,2.78,3.16,2.25,2.54,3.38,2.39,1.77,2.63,4.69,4.07,1.78,1.61,2.25,2.3,2.35,2.05,2.27,2.48,2.66,2.6
381,Tomás Rincón Torino 2019,Tomás Rincón,2019,Serie A,Torino,DM,Defensive Midfield,VEN,1988,34,32,84,2688,2.16,2.38,2.67,1.73,2.31,2.14,2.38,2.52,3.03,2.3,2.91,3.21,2.24,1.5,2.03,1.82,2.03,3.36,1.88,2.38,1.79
382,Marten de Roon Atalanta 2019,Marten de Roon,2019,Serie A,Atalanta,DM,Defensive Midfield,NED,1991,31,35,78,2730,2.9,2.78,2.5,3.27,2.7,2.79,2.78,2.8,2.71,2.76,2.26,1.83,3.24,3.43,2.97,3.18,3.14,2.89,3.1,2.66,1.94
383,Lasse Schöne Genoa 2019,Lasse Schöne,2019,Serie A,Genoa,DM,Defensive Midfield,DEN,1986,36,32,76,2432,2.78,3.1,3.27,2.78,2.27,3.09,3.53,2.48,3.22,3.22,3.36,3.51,2.94,2.89,2.48,2.6,2.92,2.2,2.1,2.09,3.09
384,Matteo Scozzarella Parma 2019,Matteo Scozzarella,2019,Serie A,Parma,DM,Defensive Midfield,ITA,1988,34,16,58,928,2.31,1.74,2.99,1.93,2.65,1.6,1.64,2.11,1.91,3.31,4.15,2.42,1.82,1.85,1.97,2.1,1.9,1.41,1.77,3.57,2.99
385,Panagiotis Tachtsidis Lecce 2019,Panagiotis Tachtsidis,2019,Serie A,Lecce,DM,Defensive Midfield,GRE,1991,31,28,72,2016,2.6,2.09,2.84,2.51,2.78,1.84,2.78,1.88,2.08,2.59,3.02,2.94,2.85,2.3,1.41,3.37,2.6,3.17,2.97,2.75,2.18
386,Sandro Tonali Brescia 2019,Sandro Tonali,2019,Serie A,Brescia,DM,Defensive Midfield,ITA,2000,22,35,86,3010,2.25,2.28,3.42,1.81,2.03,2.08,2.37,2.46,2.61,4.09,4.06,3.1,2.11,1.71,0.27,2.68,1.89,1.49,1.76,2.01,3.05
387,Mirko Valdifiori SPAL 2019,Mirko Valdifiori,2019,Serie A,SPAL,DM,Defensive Midfield,ITA,1986,36,22,64,1408,2.5,1.73,3.08,2.72,2.13,1.54,1.71,2.11,1.98,4.0,4.11,1.89,1.99,2.62,2.4,3.37,2.31,2.2,2.06,1.75,3.14
388,Miguel Veloso Hellas Verona 2019,Miguel Veloso,2019,Serie A,Hellas Verona,DM,Defensive Midfield,POR,1986,36,34,83,2822,2.78,3.07,3.59,2.26,2.83,3.09,3.01,3.18,2.95,4.05,5.06,2.31,2.76,2.28,1.23,2.92,1.93,3.02,2.42,2.8,3.36
389,Walace Udinese 2019,Walace,2019,Serie A,Udinese,DM,Defensive Midfield,BRA,1995,27,20,57,1140,2.55,2.48,2.4,2.48,2.8,2.68,2.99,1.43,2.21,1.94,1.6,3.11,3.15,2.43,3.52,1.98,2.63,2.47,2.77,3.11,2.4
390,Lucien Agoume Spezia 2020,Lucien Agoume,2020,Serie A,Spezia,DM,Defensive Midfield,FRA,2002,20,12,67,804,2.26,1.56,1.57,2.49,2.74,1.42,1.15,2.22,1.92,1.2,1.33,1.92,1.95,2.52,3.54,2.08,2.33,2.54,2.12,3.29,2.6
391,Sofyan Amrabat Fiorentina 2020,Sofyan Amrabat,2020,Serie A,Fiorentina,DM,Defensive Midfield,MAR,1996,26,31,79,2449,2.25,1.83,2.52,2.36,2.11,1.73,1.66,2.11,2.12,1.59,2.15,3.59,2.95,2.18,3.18,2.19,2.54,2.17,2.59,1.77,2.13
392,Milan Badelj Genoa 2020,Milan Badelj,2020,Serie A,Genoa,DM,Defensive Midfield,CRO,1989,33,30,80,2400,2.74,2.14,2.54,2.73,3.16,1.96,2.0,2.84,2.09,2.81,2.15,2.94,2.15,2.79,1.9,3.04,2.67,2.08,2.46,4.15,2.87
393,Tiemoué Bakayoko Napoli 2020,Tiemoué Bakayoko,2020,Serie A,Napoli,DM,Defensive Midfield,FRA,1994,28,32,61,1952,2.5,2.8,2.04,2.53,2.65,2.85,2.51,3.49,2.2,1.92,1.41,2.86,1.96,2.55,3.54,1.74,2.91,3.58,3.54,1.89,2.19
394,Valon Behrami Genoa 2020,Valon Behrami,2020,Serie A,Genoa,DM,Defensive Midfield,SUI,1985,37,26,34,884,1.12,2.18,1.31,0.03,2.05,2.39,2.04,1.77,2.19,1.19,1.76,1.62,0.54,-0.26,-0.03,0.82,-0.2,3.46,2.43,1.71,0.88
395,Ismaël Bennacer Milan 2020,Ismaël Bennacer,2020,Serie A,Milan,DM,Defensive Midfield,ALG,1997,25,21,63,1323,2.94,2.12,3.0,3.27,2.8,2.26,2.17,1.66,2.12,1.92,2.26,4.2,3.94,3.44,3.06,3.09,3.22,2.76,2.96,2.66,2.93
396,Marcelo Brozović Inter 2020,Marcelo Brozović,2020,Serie A,Inter,DM,Defensive Midfield,CRO,1992,30,33,78,2574,3.31,2.83,3.14,4.21,2.39,2.85,2.79,2.83,2.84,3.81,3.14,1.83,3.84,4.44,3.28,4.47,3.8,2.5,2.34,2.27,2.67
397,Gastón Brugman Parma 2020,Gastón Brugman,2020,Serie A,Parma,DM,Defensive Midfield,URU,1992,30,26,62,1612,2.73,2.9,2.89,2.77,2.47,2.85,3.72,2.39,2.29,3.28,2.81,2.63,2.76,2.89,2.17,2.85,2.71,1.69,2.51,2.79,2.38
398,Luca Cigarini Crotone 2020,Luca Cigarini,2020,Serie A,Crotone,DM,Defensive Midfield,ITA,1986,36,14,66,924,2.82,2.32,2.69,3.66,1.96,2.25,2.88,1.54,2.56,3.45,2.42,2.35,2.39,3.86,2.55,4.03,3.32,2.23,2.71,1.85,0.73
399,Diego Demme Napoli 2020,Diego Demme,2020,Serie A,Napoli,DM,Defensive Midfield,GER,1991,31,24,66,1584,2.91,3.39,2.45,3.41,2.3,3.51,3.25,3.31,3.3,2.83,2.17,1.5,3.44,3.76,3.58,2.57,3.45,1.61,3.57,1.83,2.07
400,Albin Ekdal Sampdoria 2020,Albin Ekdal,2020,Serie A,Sampdoria,DM,Defensive Midfield,SWE,1989,33,32,72,2304,2.11,2.57,1.88,1.5,2.91,2.5,2.0,3.81,2.2,1.6,1.54,2.7,1.67,1.38,2.25,1.39,1.51,2.95,3.31,2.96,2.07
401,Eduardo Henrique Crotone 2020,Eduardo Henrique,2020,Serie A,Crotone,DM,Defensive Midfield,BRA,1995,27,18,51,918,1.83,3.59,1.9,1.35,1.66,4.24,3.18,3.27,2.48,1.4,1.51,2.8,1.96,1.08,2.03,1.42,1.57,3.07,0.61,1.55,2.27
402,Lucas Leiva Lazio 2020,Lucas Leiva,2020,Serie A,Lazio,DM,Defensive Midfield,BRA,1987,35,32,67,2144,2.72,1.84,1.78,3.11,3.24,1.78,1.9,2.0,1.73,1.42,1.91,1.44,2.56,3.1,2.92,3.52,2.69,3.85,3.57,3.36,1.79
403,Manuel Locatelli Sassuolo 2020,Manuel Locatelli,2020,Serie A,Sassuolo,DM,Defensive Midfield,ITA,1998,24,34,85,2890,3.65,3.33,3.15,4.68,2.69,3.44,3.37,2.33,4.16,3.17,3.18,2.43,4.0,5.1,3.14,4.82,4.32,3.19,2.49,2.64,2.69
404,Rolando Mandragora Torino 2020,Rolando Mandragora,2020,Serie A,Torino,DM,Defensive Midfield,ITA,1997,25,17,90,1530,2.16,3.99,2.19,1.53,2.18,4.27,4.59,3.44,2.71,2.3,2.9,2.15,1.22,1.49,1.88,1.39,1.58,2.18,2.05,2.42,1.8
405,Jacopo Petriccione Crotone 2020,Jacopo Petriccione,2020,Serie A,Crotone,DM,Defensive Midfield,ITA,1995,27,20,48,960,1.78,1.7,1.6,2.01,1.63,1.6,1.58,2.11,1.75,2.08,1.92,0.54,1.84,1.83,2.14,2.23,2.11,1.9,1.83,1.34,1.75
406,Erick Pulgar Fiorentina 2020,Erick Pulgar,2020,Serie A,Fiorentina,DM,Defensive Midfield,CHI,1994,28,31,65,2015,2.36,2.34,2.45,2.06,2.75,2.38,2.22,2.8,1.83,2.49,3.48,2.17,1.52,2.11,2.22,1.87,2.05,2.72,2.49,2.83,3.05
407,Matteo Ricci Spezia 2020,Matteo Ricci,2020,Serie A,Spezia,DM,Defensive Midfield,ITA,1994,28,29,77,2233,2.69,2.14,2.12,3.36,2.39,2.02,2.48,1.77,2.46,2.34,1.99,1.77,2.4,3.41,2.67,3.84,3.02,2.28,2.12,2.27,3.24
408,Tomás Rincón Torino 2020,Tomás Rincón,2020,Serie A,Torino,DM,Defensive Midfield,VEN,1988,34,36,79,2844,2.05,2.47,2.18,1.69,2.26,2.5,2.35,2.33,2.72,1.83,2.43,2.72,1.7,1.51,2.38,1.7,1.71,2.98,2.86,1.98,1.3
409,Marten de Roon Atalanta 2020,Marten de Roon,2020,Serie A,Atalanta,DM,Defensive Midfield,NED,1991,31,35,86,3010,2.88,2.14,2.28,3.15,3.26,1.96,1.78,2.8,2.57,2.34,2.1,1.89,2.91,3.19,2.97,3.41,2.81,3.53,3.56,3.36,2.21
410,Nicolò Rovella Genoa 2020,Nicolò Rovella,2020,Serie A,Genoa,DM,Defensive Midfield,ITA,2001,21,20,59,1180,2.62,2.22,2.96,2.76,2.38,2.26,2.44,1.66,2.41,3.15,3.26,2.34,3.12,3.06,2.73,2.2,2.74,1.61,2.08,2.73,2.75
411,Pasquale Schiattarella Benevento 2020,Pasquale Schiattarella,2020,Serie A,Benevento,DM,Defensive Midfield,ITA,1987,35,29,77,2233,2.41,2.54,2.28,2.49,2.33,2.75,2.49,2.68,1.75,2.73,1.82,2.13,2.4,2.39,1.89,3.1,2.32,1.95,2.58,2.41,2.08
412,Léo Sena Spezia 2020,Léo Sena,2020,Serie A,Spezia,DM,Defensive Midfield,BRA,1995,27,16,55,880,3.0,1.76,3.53,3.27,2.81,1.67,1.27,2.11,2.47,1.61,2.6,4.64,6.01,3.03,3.13,4.06,2.94,2.12,2.88,2.51,4.1
413,Simon Sohm Parma 2020,Simon Sohm,2020,Serie A,Parma,DM,Defensive Midfield,SUI,2001,21,18,50,900,2.01,3.76,1.94,1.66,1.75,4.74,3.12,3.46,1.88,1.63,1.69,2.66,1.79,1.48,2.46,1.49,1.88,2.53,1.16,1.03,3.78
414,Adrien Tameze Hellas Verona 2020,Adrien Tameze,2020,Serie A,Hellas Verona,DM,Defensive Midfield,CMR,1994,28,33,70,2310,2.25,2.72,2.48,1.43,3.06,2.98,2.56,2.35,2.52,1.95,2.55,3.46,1.9,1.21,1.38,1.82,1.51,3.72,2.75,2.98,3.13
415,Sandro Tonali Milan 2020,Sandro Tonali,2020,Serie A,Milan,DM,Defensive Midfield,ITA,2000,22,25,53,1325,2.23,2.1,2.37,2.17,2.29,1.96,2.29,1.88,2.51,2.57,2.68,1.82,2.39,2.17,1.88,2.19,2.31,1.59,1.7,2.67,3.03
416,Miguel Veloso Hellas Verona 2020,Miguel Veloso,2020,Serie A,Hellas Verona,DM,Defensive Midfield,POR,1986,36,21,63,1323,2.56,2.3,2.64,2.33,2.97,2.55,1.98,2.0,2.38,2.26,3.23,2.58,2.53,2.53,1.12,2.5,2.3,3.26,1.97,3.37,3.32
417,Walace Udinese 2020,Walace,2020,Serie A,Udinese,DM,Defensive Midfield,BRA,1995,27,30,69,2070,2.32,1.99,2.1,2.22,2.76,1.9,2.25,1.88,1.99,1.51,1.73,3.05,2.19,2.22,3.33,1.63,2.34,1.89,3.21,2.64,3.21
418,Sofyan Amrabat Fiorentina 2021,Sofyan Amrabat,2021,Serie A,Fiorentina,DM,Defensive Midfield,MAR,1996,26,23,41,943,2.8,2.68,2.29,3.29,2.52,2.43,2.39,4.12,2.18,1.82,1.8,2.58,3.18,3.53,3.69,2.77,3.09,2.78,3.52,2.35,1.04
419,Kristjan Asllani Empoli 2021,Kristjan Asllani,2021,Serie A,Empoli,DM,Defensive Midfield,ALB,2002,20,23,59,1357,2.25,2.74,2.22,2.07,2.3,2.61,3.31,2.66,2.32,2.18,2.92,1.62,2.15,1.99,2.32,1.87,2.4,1.53,1.56,2.4,4.0
420,Milan Badelj Genoa 2021,Milan Badelj,2021,Serie A,Genoa,DM,Defensive Midfield,CRO,1989,33,34,84,2856,2.52,2.29,2.28,2.12,3.36,2.26,2.31,2.43,2.2,2.38,1.94,2.98,1.7,2.05,1.25,2.58,2.23,2.93,2.57,4.08,3.3
421,Ismaël Bennacer Milan 2021,Ismaël Bennacer,2021,Serie A,Milan,DM,Defensive Midfield,ALG,1997,25,31,49,1519,3.29,3.11,3.75,3.3,3.04,2.91,3.12,3.68,3.05,3.19,3.03,4.74,4.21,3.3,2.99,3.68,2.99,2.66,3.93,2.92,2.27
422,Marcelo Brozović Inter 2021,Marcelo Brozović,2021,Serie A,Inter,DM,Defensive Midfield,CRO,1992,30,35,84,2940,3.24,2.72,2.77,4.13,2.54,2.37,3.16,2.75,3.11,2.75,2.36,1.99,4.27,4.53,3.89,3.7,3.77,1.98,2.52,2.59,3.0
423,Francesco Di Tacchio Salernitana 2021,Francesco Di Tacchio,2021,Serie A,Salernitana,DM,Defensive Midfield,ITA,1990,32,18,70,1260,1.8,1.85,1.45,1.42,2.57,1.84,1.96,1.88,1.69,1.17,1.73,1.68,1.21,1.09,1.78,1.84,1.53,2.92,1.55,3.15,2.46
424,Albin Ekdal Sampdoria 2021,Albin Ekdal,2021,Serie A,Sampdoria,DM,Defensive Midfield,SWE,1989,33,26,63,1638,1.96,2.44,1.66,1.43,2.71,2.38,2.16,3.1,2.33,1.4,1.42,2.47,1.36,1.18,1.54,1.61,1.77,2.94,2.82,3.11,1.26
425,Pablo Galdames Millán Genoa 2021,Pablo Galdames Millán,2021,Serie A,Genoa,DM,Defensive Midfield,CHI,1996,26,19,54,1026,1.95,2.21,2.58,1.19,2.48,1.96,2.72,1.77,2.75,2.7,4.07,2.15,1.14,1.1,0.23,1.71,1.34,2.48,2.94,2.09,2.69
426,Teun Koopmeiners Atalanta 2021,Teun Koopmeiners,2021,Serie A,Atalanta,DM,Defensive Midfield,NED,1998,24,30,71,2130,3.06,3.91,3.61,2.99,2.37,3.86,3.8,3.92,4.26,4.26,4.03,2.96,3.01,3.03,1.72,3.35,3.18,2.71,2.37,2.01,2.95
427,Lucas Leiva Lazio 2021,Lucas Leiva,2021,Serie A,Lazio,DM,Defensive Midfield,BRA,1987,35,35,48,1680,2.42,1.59,1.5,3.03,2.6,1.6,1.26,2.11,1.43,1.45,1.64,1.41,1.51,3.4,4.03,1.99,2.8,2.95,2.75,2.71,1.72
428,Stanislav Lobotka Napoli 2021,Stanislav Lobotka,2021,Serie A,Napoli,DM,Defensive Midfield,SVK,1994,28,23,73,1679,2.99,2.35,2.34,3.78,2.63,1.9,1.41,5.07,2.05,2.08,1.41,2.32,3.86,4.33,4.18,2.49,3.79,2.08,3.49,1.78,3.9
429,Manuel Locatelli Juventus 2021,Manuel Locatelli,2021,Serie A,Juventus,DM,Defensive Midfield,ITA,1998,24,31,70,2170,2.76,3.47,2.3,2.91,2.53,3.75,2.88,3.97,2.86,2.77,1.92,2.35,2.05,2.88,2.69,3.06,2.94,2.9,2.14,2.55,2.79
430,Rolando Mandragora Torino 2021,Rolando Mandragora,2021,Serie A,Torino,DM,Defensive Midfield,ITA,1997,25,21,63,1323,2.34,2.82,2.67,2.25,2.02,2.55,3.64,1.31,4.27,4.0,2.89,1.64,1.83,2.19,2.31,2.43,2.11,3.16,1.54,2.09,1.52
431,Gary Medel Bologna 2021,Gary Medel,2021,Serie A,Bologna,DM,Defensive Midfield,CHI,1987,35,33,86,2838,2.13,1.83,1.52,2.15,2.67,2.29,1.24,2.11,0.92,0.92,1.53,1.82,2.0,2.27,3.83,0.97,2.36,2.68,1.59,3.26,2.93
432,Tomás Rincón Sampdoria 2021,Tomás Rincón,2021,Serie A,Sampdoria,DM,Defensive Midfield,VEN,1988,34,17,69,1173,1.96,1.91,1.9,1.87,2.17,1.85,1.52,2.11,2.48,1.48,1.73,2.48,1.96,1.67,2.5,1.69,2.24,2.64,2.16,1.88,2.44
433,Marten de Roon Atalanta 2021,Marten de Roon,2021,Serie A,Atalanta,DM,Defensive Midfield,NED,1991,31,30,85,2550,2.65,3.01,1.56,2.73,3.12,3.09,2.66,3.72,2.44,1.56,1.33,1.2,2.3,2.79,2.8,2.69,2.54,3.41,3.0,3.37,2.38
434,Nicolò Rovella Genoa 2021,Nicolò Rovella,2021,Serie A,Genoa,DM,Defensive Midfield,ITA,2001,21,21,70,1470,2.72,2.39,3.62,2.4,2.71,2.32,2.95,1.54,2.79,3.96,4.37,3.07,2.92,2.71,2.15,2.03,2.22,2.03,3.27,2.62,2.67
435,Leo Štulac Empoli 2021,Leo Štulac,2021,Serie A,Empoli,DM,Defensive Midfield,SVN,1994,28,23,36,828,2.42,3.3,2.5,2.19,2.26,3.2,2.77,5.48,1.86,2.69,3.31,2.05,1.78,2.18,1.79,2.15,2.54,2.42,2.42,1.37,4.1
436,Adrien Tameze Hellas Verona 2021,Adrien Tameze,2021,Serie A,Hellas Verona,DM,Defensive Midfield,CMR,1994,28,38,68,2584,2.63,3.29,2.74,1.85,3.35,3.09,2.73,4.23,3.78,2.45,3.12,3.13,2.21,1.65,1.4,2.21,2.16,3.94,2.69,3.48,3.53
437,Sandro Tonali Milan 2021,Sandro Tonali,2021,Serie A,Milan,DM,Defensive Midfield,ITA,2000,22,36,72,2592,2.68,4.24,3.18,2.16,2.35,4.75,4.63,3.22,3.12,3.29,3.74,3.0,2.56,2.11,2.21,2.24,2.15,1.87,2.76,2.2,2.53
438,Lucas Torreira Fiorentina 2021,Lucas Torreira,2021,Serie A,Fiorentina,DM,Defensive Midfield,URU,1996,26,31,71,2201,2.69,4.84,1.94,2.63,2.29,5.66,5.48,3.26,2.93,2.63,1.75,1.46,1.82,2.56,3.02,2.59,2.65,2.98,2.37,1.99,2.22
439,Antonio Vacca Venezia 2021,Antonio Vacca,2021,Serie A,Venezia,DM,Defensive Midfield,ITA,1990,32,21,51,1071,2.42,1.48,1.98,2.56,2.96,1.36,1.11,2.22,1.6,1.44,1.46,2.61,2.6,2.75,2.87,2.14,2.39,2.08,3.07,3.56,2.11
440,Miguel Veloso Hellas Verona 2021,Miguel Veloso,2021,Serie A,Hellas Verona,DM,Defensive Midfield,POR,1986,36,22,61,1342,2.78,2.32,3.38,2.72,2.64,2.02,2.78,1.77,3.26,3.78,5.16,1.78,2.63,2.92,1.32,3.18,2.44,3.85,1.61,2.96,2.35
441,Walace Udinese 2021,Walace,2021,Serie A,Udinese,DM,Defensive Midfield,BRA,1995,27,36,83,2988,2.42,2.33,2.3,2.08,3.03,2.13,3.04,2.25,1.94,2.26,1.85,2.51,2.62,2.04,2.16,2.15,2.07,2.26,3.51,3.1,2.84
442,Andre-Frank Zambo Anguissa Napoli 2021,Andre-Frank Zambo Anguissa,2021,Serie A,Napoli,DM,Defensive Midfield,CMR,1995,27,25,77,1925,2.76,2.58,2.91,2.82,2.64,2.26,2.43,1.66,5.04,2.88,2.12,3.63,3.05,2.71,3.39,2.53,3.18,2.8,3.31,2.16,2.58
